2,walgren
1,walt disney
1,sr class 3sub
2,compiler
1,gredelj
1,jeff munn
1,zealand chess
2,governers
1,george robert andrews
2,southeast
2,starts
1,salthill
2,films
2,principal
1,david animle hanses
1,cruce a nado internacional
2,election
1,lake county, oregon
2,zone time
2,compiled
2,novel
1,hyderabad
1,river trust
1,desilu productions
1,the conglomerate (american group)
2,musical artist
1,oahu railway and land company
2,originate,
1,jo garcia
1,bogumilus
1,elizabeth alexander
1,65th
1,ordnungspolizei
1,outlook.com
1,janice soprano
2,platform
2,birthpalce
1,manendragarh
1,web hosting service
1,schibsted
1,primus
1,zambezi river authority
1,moskovsky
1,batman returns
2,renowned
2,presenter
1,a barrel of laughs, a vale of tears
1,first national bank and trust building (lima, ohio)
2,drinks
1,services center
2,spouses
1,le hong phong
2,buried,
2,academic discipline
1,ludacris
2,university attended
1,laemmle theatres
2,athletic
1,paris
1,kabir suman
2,study
2,campus
2,purpose
1,the haunted house (1929 film)
2,playtone
1,roberto clemente bridge
1,front row
1,sony bank
1,san francisco 49ers
1,venkatraman ramakrishnan
1,harry huston
1,amd
1,new mexico
2,matters
1,wrought iron
2,union
1,lagos preparatory school
1,wwe
2,founder of
1,writings and drawings
1,ron galotti
1,hudson highlands state park
2,destinations
1,marina pankova
2,style
1,kirk hammett
1,french sino war
2,southern
1,thanong bidaya
1,nicole lai
1,zora singh maan
1,edward douglass white
2,start,
1,chicago
1,continental artillery regiment
2,structure command
2,prize awarded
2,invented
1,audenried tunnel
2,archipelago
2,currencies
1,2nd foreign infantry regiment
1,isaac hayes
1,buddhist tai hung college
2,mississippi
1,states
2,college
2,painters
1,andrew schally
1,somerville college
1,alexius meinong
1,fc barcelona
1,fort gadsen
1,louis d. astorino
2,over
1,stephen kozmeniuk
1,michaelhouse
2,drafty
1,the simpsons ride
2,port home
1,street dogs of south central
1,georg meissner
2,orde
2,involved
2,movie
1,ramiro pea
1,catcher
1,java gold
1,switzerland olympics summer 2008
2,in conflict
1,islam
1,counterpoint
1,quick bread
1,canadian
1,judy hart angelo
2,aeronautics
1,s. h. kapadia
1,north american continent
1,cbs
1,wtul
1,bruce harrell
2,deconcini
1,planet pit
1,canary islands
2,crossed
1,sao paulo museum of art
1,america poker north tour
1,on broadway
2,french
1,craig van tilbury
2,sovereignity
1,iphone os a
1,reading
1,florida tampa
2,municipality
2,nation
1,shinya aoki
1,george cash
1,south asia subregional economic cooperation
1,zaman shah durrani
1,brad paisley discography
1,guido guerrini
1,lucius crus
1,howard hughes medical institute
2,member band
1,fitzwallace
1,hamline avenue
2,mountain range
2,band
1,sea gayle music
2,part
1,lohan ratwatte
2,nearest city
1,vandenberg air force air
1,al-rayan sc
1,arnold w. braswell
1,jim harris
1,haiti
1,sony music entertainment
1,nii okaidja adamafio
1,evergreen high school
1,kia sportage
1,bluebird
1,carmel winery
1,edward niesen
2,trainees
1,damon hill
1,eliza schneider
1,lg optimus vu
1,david cameron
1,cries and whispers
2,held in
1,the pentagon
1,gerald gibbs
1,krista kelly
1,his new job
1,bud adams
1,creature comforts
2,on
1,jamestown, virginia
1,bartlett giamatti
1,james wong howe
2,emplyer
2,born in
1,pulau ubin
1,peruvian army
1,gingerbread toru
1,manu cornet
1,publius servilius vatia isauricus
2,notable instruments
1,tukwila, washington
1,robot wars: metal mayhem
2,portrayed
1,walter scharf
2,venue
1,arlington
2,soccer player
2,frank
1,bend, oregon
1,massachusetts house of representatives
2,historic place
1,hampton roads rhinos
1,cornelius lucius
1,the way to your heart
2,drafted
2,studying
1,air interdiction
1,city of miami cemetery
1,mikhail pashnin
1,festival records
2,sign
1,vashi
1,wepg
1,nevado mismi
1,jeevan mrityu
1,williams grand prix engineering
1,kaulahea i
1,kharghar
1,nubuntu
1,william cushing
2,for
1,multilingual
1,bernard herrmann
2,cover
2,a
1,army group oberrhein
1,red willow creek
1,oskar blues brewery
1,capital region
1,ionian sea
1,mike kelly (australian politician)
1,kaptaan
1,crystal harris
2,glover
2,maintained by
1,1931 staten island stapletons season
1,random house
1,stephen ambrose
1,freedom foreign policy
2,radio
1,argentine primera division
1,oysterhead
2,countires
2,major
1,anthrax
1,frank thorne
1,joe porter
1,chiva bus
1,on broadway
1,quest software
1,harward medical school
2,mechanical
2,football
1,argentina national football team
1,ella fitzgerald
1,jim jones
1,citizen kane
1,x
2,cast area
2,computers
1,young life
1,pacific ocean
1,mississippi river
1,tonle sap
1,holdings graham
1,tom
1,west germany
2,name
1,hampion sarah
1,leonard lerman
2,music composer
1,emmitsburg, maryland
2,graduated from
1,pcl constructures
1,heathsville, virginia
1,north carolina highway 280
1,george frisbie hoar
1,dartington college of arts
1,wta tour championships
2,membership
2,compatible
1,edouard chavannes
1,john tortorella
1,arabian peninsula
1,joey mcintyre
1,incorporation
2,head
1,lake
2,gadgets
1,clay aiken
1,basic
2,operation
2,institues
1,michael powell
1,albertin montoya
1,route 165
1,mavro
1,breann mcgregor
1,european rout
2,universit's
1,ted williams tunnel
2,son
1,sony
1,jefferson north assembly
2,leading
2,perkins
1,ah141
2,stylistic origins
1,demis roussos
1,korean peninsula
1,raymond picard
1,luis enrique
1,rain is a good thing
1,joe shuster
1,twin cities 400
1,costa rica women's national football team
1,oskar blues
1,bucyrus mt6300ac
2,stockholders
1,buckinghamshire
1,hynief
1,harry harlow
1,ralph flanders
1,kriminalpolizei
2,companies
1,middlesbrough f.c. season 2009-10
1,neil armstrong
2,towns
2,assembly of
1,john byrne
1,journal of cancer
1,warner bros.
2,royal person
1,chris dubois
1,the elders
1,earl b. ruth
1,keningston maryland
1,khiladi 786
1,albert ayler
1,2
1,wtjc-lp
1,first national bank and trust building
1,a grand day out
1,sanjay gandhi
2,project
2,ownes
1,perianne
1,redding, connecticut
2,domain
1,falls
1,battle of the bulge
1,babita
2,titles
1,airtours
1,north bend, ohio
1,broadmeadows, victoria
2,interests
1,england national under-20 football team
1,the band
1,grand national
1,chickasaw campaign of 1736
1,eric harris
1,work (film)
1,8.1
1,sierra nevada (u.s.)
1,pequea creek
1,marika gombitov 
1,franklin olin
2,color
2,region
1,the stranger
2,film director
1,p. sathyanarayanan
2,hub
1,ferris wheel
2,river mouth
1,pychess
1,timoteo jeffries
1,francisco de robles
2,native name
1,american boulevard (metro transit station)
2,senator
1,truly fair
2,basketball
1,urbain le verrier
2,hosted
2,ethnicity
1,kate lundy
2,oregon
1,brazilian jiu-jitsu
2,nominated
2,michelangelo
2,venerateds
2,war
1,seattle
2,programme format
1,victor entertainment
1,cedella booker
2,vice
1,bmw m43
1,wbcq
1,zabbaleen
2,where
1,big spring
2,politicians
2,starred
2,screen play
2,races
1,elizabeth alexander
1,k. terry dornbush
2,die from
1,the smiths
1,lao plaza hotel
1,playboy enterprises
1,lekh castle
1,point blank records
2,sepulchre
1,girl from the north country
2,produce
1,damon hill
2,one
2,address
1,marcus samuelsson
1,hard candy fitness
2,birth name
2,associate musical artist
2,teams
1,ranil wickremesinghe
1,varsity stadium
2,official name
1,robert boyle
1,cape canaveral air force station launch complex 5
1,esther alder
1,tweenies: game time
1,guatemala
1,mercedes-benz superdome
1,cervelle de canut
2,nation's
1,blade runner
1,tiffany villarreal
2,profit
1,helen getachew
1,national museum of racing and hall of fame
1,the peanuts movie
1,john orloff
1,brian dunkleman
1,ananda weerasekara
2,youth clubs
1,wgbc
1,new india assurance
1,carlene carter
1,judson huss
2,makes
2,scotland.
2,commander
1,2013 copa centroamericana
1,chicago bulls
2,source place
2,horse
1,tiny tower
2,signed
2,died
1,napster
2,opposition
1,washington, d.c.
2,officers
1,google cloud connect
1,chip kelly
1,fernando augustin
1,deborah turness
1,smerinthus saliceti
1,maryland jockey club
1,cleopatra egypt
2,flagbearer
1,ringo starr
2,team manager
2,share holder
1,route 15
2,architect
1,bomis
2,grandsire
2,high school
2,manufactured by
1,association of southeast asian institutes
1,alan freeman days
2,issarak
1,ford air transport service
1,mushir
1,jeyhun abiyev
1,house of representatives of the philippines
1,british gazette
1,satyanarayana raju datl
2,education
1,buccinidae
2,residents
1,rhythm and blues
1,agalga
2,married to
2,borough
2,nearer
1,perianne jones
2,canaveral
2,microsoft
1,rain over me
1,cfrx
1,jerome avenue
1,ragout fin
1,asiana airlines
2,advisor
1,richard taylor
1,motorpsycho nitemare
1,on air with ryan seacrest
1,metairie
1,north carolina
2,made by
2,husband
2,music
1,sf board of supervisors
2,inflow
2,district
1,dr who confidential
1,michael springer
1,czech extraliga
1,juno i
1,charles goodell
1,richard coke
1,bjarne stroustrup
1,trishna (yacht)
1,louis dunbar
1,cavalcade of america
1,penobscot island air
1,sonia gandhi
1,bob dylan
1,fwd.us
1,cheers
2,located,
1,michael hahn
1,dorchester bay
1,tonight's the night
2,authors
1,sanggar agung
1,companion
1,gruszka
1,jump square
1,brown hair
1,lauren briggs
1,henry e. catto, jr.
2,hq
1,ford theatre
1,alexander downer
1,helena of moscow
1,australia
1,plateau
1,trump entertainment resorts
1,ron grainer
1,novair international airway 
2,live
1,ato records
1,exception children brideun school
1,kazuo hirai
2,source country
2,mascot
1,feminism in canada
1,bacteria
2,extended from
1,julia gillard
1,herzogenaurach
1,renaissance center
1,populous
1,electric lady studios
1,thomas egerton
1,studio disney walt
1,rostock
2,fashion designer
2,continent
1,latvian wikipedia
1,adrian a. basora
1,department quich
2,legislative
2,first
2,baseball team
2,manufactures
2,title
1,fort barrancas
2,fc
1,terry gou
1,waterfall
1,pulau ujong
2,interplay
1,ben ysursa
2,ethicity
1,georges wolinski
1,ptolemy xiv
1,eddie bravo
1,mark latham
1,carl sitton
1,buccinoidea
2,teammates
1,janata dal
1,edwin adams
1,soccer bowl '76
2,seat
2,discipline
1,nick diaz
2,televion
2,ingedients
1,the postman
1,castro district, san francisco
2,indiana
1,michael dell
1,hong kong taoist association tang hin memorial secondary school
1,scott berkun
1,tony award
1,amitava datta
1,federal
2,co-founder
1,craig van tilbury
2,in
2,stream
2,unit
2,serving railway line
2,location town
2,homestead
1,vadodara junction railway station
1,marcus floyd
2,burial
1,fred hoiberg
1,angels toru?
1,liga divisi utama
1,eddie anderson
1,richard winn
1,japan
1,a goon's deed in a weary world
1,stagecoach,
1,national collegiate athletic association
2,provided
1,grand canyon
1,saint petersburg
1,antonio giannini
1,barbara ann crancer
2,fighting
2,distributer
1,jill krementz
1,phil-ellena
2,basket team ball
1,nazi germany
2,elections
2,creation
1,alabama
1,sylvain lvi
1,mojo priest
1,shallot
2,colorado
1,park chung-hee
1,bbc news
1,costa rica national football team
1,beeleigh abbey
1,fr. agnel multipurpose school and junior college
1,pathaninaikos f.c.
1,battle of fort stephenson
1,park rankin
2,opening theme
1,turku
2,section of
1,miami
1,hilda duhalde
1,john scott harrison
2,supervised
1,mark steven
1,provisional government of saskatchewan
1,the sarah jane adventures
2,performed
1,emma frost
1,peace
1,l'enfant a la tasse
2,agencies
1,bobby beasley
1,a house not meant to stand
1,bergen-belsen concentration camp
1,pillsbury philip
2,jurisdiction
1,sentinel high school
2,dies
1,stoke-on-trent
1,a christian turn'd turk
1,luxury
2,theme
1,europe
2,sister station
1,north-western province, zambia
1,amalgamated clothing workers of america
2,battles
2,institutes
1,domenico modugno
1,the five
1,b. shiva rao
2,journals
1,paramount television
1,soviet union fine arts 1984
2,employed by
1,hank williams jr.
2,cpu
1,steven moffat
1,yosemite
1,john muir
2,canal
1,robin kovacs
1,roger barton
2,americans
1,hominidae
1,alexandre tichonov
1,he's a liar
1,gerard marino
2,current members
1,geoffrey rush
1,heinz kokott
1,i love how you love me
2,racer
1,send it on
1,ron reed
1,charles willing byrd
1,project gnome
2,architectural style
1,richard marx
1,1st free french division
1,sho v8
1,mekong river commission
1,american psycho
1,the palace of auburn hills
1,cyril hume
2,near are
1,pittsburgh pirates
1,box girder bridge
1,north caucasus railway
1,timeform
1,john smith griffin
1,the office
1,lysistrata
1,arthur levinson
2,bronze medalist
1,duboce triangle
1,sharon marley
2,used war
1,henry mcdaniel
1,model ford
1,romano ren
1,hillary clinton
1,lillie house frank
1,larry j. franco
2,based on
1,washington
2,main
2,extra
1,blytheville high school
1,orient news
2,place of birth
1,catch my soul
2,integrated
1,before i let you go
2,arthur
1,battle chess
1,prs
1,jos ruiz y blasco
1,indochina
1,ptolemy xiv of egypt
2,records
2,founded
1,angelina jolie
1,twin cities 400
1,nathaniel p. hill
1,tofa ahin
1,wan air
1,delhi
1,zhorstoke nebo
1,international architectural style
1,ucla bruins football
1,stanford white
1,winnipeg river
1,the incredible hulk
2,other party
1,kelly brook
1,ios
1,charing cross bridge
1,puerto rico
1,robert sarvis
1,iran
1,william luther hill
2,predecssor
1,houston astros
1,atamurat-kerkichi bridge
2,at
1,the adventures of tom sawyer
2,retired
1,debre libanos
1,mind sport
1,joseph clay (georgia)
1,hypnotize mind 
1,don r. berlin
1,phil lumpkin
2,vice president
1,luther: the calling
1,jack ryan
1,blytheville school district
1,excelsior stakes
2,rice
1,2002 players championship
2,carry
1,jim farley (businessman)
1,hbo
2,hafthor
1,ptolemy xii auletes
1,erik bork
1,james needs
1,lucy sullivan is getting married
1,valentin muratov
2,has sons
1,let it be
1,vancouver whitecaps fc
1,tim gunn
2,sports team
1,albert clark
1,rolv erik ryssdal
2,die/
1,stateless
2,sarah
1,kurt rambis
1,pope gregory 1
2,northwestern
2,grapes
2,current club
2,animated
1,bataan
1,fourth legislative assembly of delhi
1,tabriz
1,marine aircraft group 13
2,rank
1,face to face
2,relgions
1,world of tomorrow
2,distribute
1,ceratosoma tenue
1,greater san antonio
1,fair lane
1,rishikesh
1,riverside stadium
2,nickname
1,habib boromand dashghapu
2,members
2,top
2,surround
1,vmf-218
2,national
1,jovan vladimir
1,ins viraat (r22)
1,massachusetts department of transportation
1,queen noor of jordan
1,the last resort (doctor who)
2,minster
1,written in the stars
2,public transit system
1,westchester avenue
1,water resources management in el salvador
2,junction
1,arthur gegei
1,language swahili
2,predecessor
2,know for
1,new taipei city
1,batoka gorge hydroelectric power station
1,subang interchange
2,released
2,written
1,red lion area school district
2,
1,birmingham and oxford junction railway
1,guggenheim partners
1,oslo
2,home town
2,authority
2,heads
1,nick jonas
2,adapted from
1,lena delta wildlife reserve
1,andy wyant
1,pittsburgh steelers
2,beverage
1,microsoft azure
1,hafthor julius bjornsson
1,olyokma river
1,797f
1,everett dirksen
1,gettv
1,plant kingdom
1,chestnut
1,kaplan, inc 
1,walson augustin
1,the sarah jane adventure 
1,universities association colleges athletic
2,governor
1,mary ainsworth
2,living in
1,harris county, texas
2,nearest
1,2015 mls all-star game
1,juli ashton
1,arm architecture
1,lydia clarke
2,heathsville,
1,i pray on christmas
2,subsequent work
1,unix like
1,mozambique
1,national academy museum and school
1,outlook
1,omar d. conger
1,regional radio sports network
1,anthony harvey
1,benelux
1,dart
2,resorts
1,battle chess
2,race horse
1,lovelace medal
1,becket fund for religious liberty
1,carroll e. lanier
2,tennis player
2,battle honours
1,michael springer
2,television station
1,foundation for economic education
1,mumbai
1,2015 pro duta fc season
1,harvard
1,jacques van't hart
2,the
2,voice
2,life stance
1,9 to 5 (musical)
1,k. w. jeter
1,heydar
2,boards
1,king county, washington
1,joe jonas
1,watkins glen,
1,mathematics
1,donald wilson
1,wpc dynamo moscow
1,malaysia
1,subang, indonesia
2,everton
2,fictional character
1,toll global express
2,car
1,academy seneca
1,lumberjack
2,important
1,george hoar
1,turkish handball super league
1,omaha
2,location city
1,defense security command
1,bjp
1,congress socialist party
1,kentaro takekuma
1,statelessness
1,indy popcon
1,william c p breckinridge
1,douglas netter
2,league
2,presidents
1,cooper mountain vineyards
1,greasy pop recordi
1,royal designers for industry
1,spotlight
1,bbc hd
1,ivan toplak
2,central processing unit
1,laurie johnson
2,ngos
1,chicago bears
1,wash
2,wallace
1,sakari suzuki
2,monarch
1,religiou
2,matches
1,germanic
1,somerset, massachusetts
1,fr. orlando
2,nigrum
1,polytech bataan
1,inkas
1,jordan river
2,rocket
1,militia
1,henri putz
1,caroline augusta foley rhys davids
1,the trumpet kings meet joe turner
1,emil dean zoghby
1,main course
1,eristoff
2,president
2,distributes
1,vitis vinifera
1,azam f.c.
2,presented
1,lausanne
2,feminist
1,university indies west
2,airline
2,home stadium
1,lee krasner
1,manthena venkata raju
1,fender stratocaster
1,publications sage
1,caspian sea
1,isa (name)
1,south asians in hong kong
1,barbara bestor
2,lerman
1,yasmin khatun
1,nasa
1,slapstick
1,5.1 surround sound
2,success
2,share
2,location mouth
1,goya award 
1,madiswil
1,russian
1,paul vi
2,atleast
1,terry melcher
1,o'brien james
2,all
1,john robert woodyard
1,pias recordings
1,frampton's camel
2,television.
1,edwin of northumbria
1,primates
1,lucifer hammer
1,samuel isham
2,government type
1,broca's brain
2,metro
2,students doctoral
1,larry david
1,liu mingchuan
2,distributer's
1,spaghetti squash
1,karen grigorian
2,awards received
1,pork
1,ted osborne
2,jane
1,only the good die young
1,michael marder
1,everton
2,notable commanders
1,first church of christ, scientist (pittsburgh)
1,jimmy wales
2,party
2,charles
2,grainer
1,hensley meulens
2,sea
1,arun chandra guha
1,the palace of auburn hills
1,ne daj se, nina
1,escobar
1,shay
2,book
1,frank rogers
1,agatha of sicily
1,mumbai north
2,was founded by
1,jean-claude latombe
1,21vianet
1,dewitt clinton
2,owned
1,environmentalism
1,kendall jenner
2,basketball player
1,space shuttle
1,robert valentine
1,los angeles world airports
2,amusement
2,species
1,kingston, ontario
1,cbs corporation
1,northanger abbey
1,james horner
1,crimson alabama
1,army group oberrhein (germany)
2,employes
1,metallica
1,jason hayne
1,canada
1,cliff burton
1,the spirit of christmas
2,vlaams
2,instagram
1,lemberger ld20b
2,painter
1,jack mcgregor
1,boeing ch-47 chinook
1,novelas ejemplares
1,toyota verossa
1,history of trier
1,graham richardson
1,western
1,advocate general judge corps
1,oakland athletics
1,batch monitor
2,bridge
2,military.
2,member
2,cast members
1,chris lebenzon
1,surayud chulanont
1,keller's mill covered bridge
1,galileo galilei
1,association football
1,spanish
2,employment
2,games
1,kulim
1,rosemarie dewitt
2,old
1,harding academy
1,mateusz morawiecki
1,new jersey
1,greater antilles
2,founder
1,meg mcguffin
1,buddhist
2,rival
1,fatima sa'd bint
2,trainer
1,north sea
1,tony allen (musician)
1,darius i
1,itv (thailand)
2,building type
1,jean marc germain
1,adam ludwik czartoryski
1,kim sawchuk
1,vagif aliyev
2,genere
1,islamic
1,marv throneberry
1,a foreign policy of freedom
1,bass guitar
1,royal thai army
1,willie nelson and family
1,komc
1,ontario international airport
1,aston villa 2000-02 season
2,birth city
1,abigail adams
1,rca records
2,were
1,danish straits
1,ford transit
1,bob c riley
1,to where you are
1,ben wilson (american football)
1,primate
2,american football team
1,geography club
1,royal australian air force
1,the dognapper
1,calera, oklahoma
1,pittsburg steelers
2,own
1,ctv
1,ragnhild
2,golden
2,layout
2,christian
1,sloth
1,thomas helwys
2,football team
1,cars
1,wickramabahu central college
1,the pentagon
1,ikelenge district
2,les
1,ministry of finance
1,ann lewis
1,dallas
1,maharashtra
1,j. t. krogh
1,from the earth to the moon
2,russia
1,ham
1,mauritius
1,tony hogg
1,cirque du soleil discography
1,gromit
2,jockeys
1,roy walker
2,chester
1,zambezi
1,second lieutenant
1,turin
1,inyo national forest
1,the haunted house
1,rev
2,united
1,western pygmy blue
1,bronx
1,christopher franke
1,congress of industrial organizations
2,educational
2,province
1,dan otero
1,major all stars season 1
1,elizabeth ii
1,glen and les charles
1,franklin delano roosevelt, jr.
1,bobby beasley
1,cape vincent
2,newspaper
1,francisco lachowski
1,tenzing norgay
1,christen-democratisch en vlaams
1,kaitlyn ashley
1,colony of virginia
1,aghasalim childagh
1,uss camp
1,before i let you go
1,goethe prize
1,cowombat flat
1,maine school of science and mathematics
2,nationalist
1,palang dharma party
1,koolakamba
1,louisiana
1,jack mcgregor
1,singapore
1,michael schumacher
2,engineer
1,john michael seabright
2,owners
2,stadium
1,pope gregory i
1,the galleria
2,presenters
2,chordate
1,carl sagan
2,taylor
1,waldo john
1,sampson cudjoe
1,saleen s5s raptor
1,turbines dagenham
1,the bare necessities
2,artist
1,astronomical society
1,kenya
2,member past
2,former coach
2,his
1,eu broadcasting union
1,bombay sapphire
1,india
2,flights
1,william harper
1,nick williams
1,samuel moreno rojas
1,james maker
1,dhoondte reh jaaoge
2,narrated
1,scientologi
2,nation
1,nintendo eshop
1,julian hawthorne
1,pennsylvania
1,william anthony
1,rosario, santa fe
2,work
1,spy kids series
1,the ultimate fighter: a champion will be crowned
2,engine
2,sister names
1,amazon river
1,lucius cornelius lentulus crus
1,park trammell
1,stan van gundy
1,channel 9 mcot hd
1,your ice cream's dirty
1,inyo national forest
1,north bend
2,operate
1,john franklin miller
1,jordan cronenweth
1,tnt (tv channel)
1,katharevousa
1,kamla beniwal
1,brian graden
1,malik al-hassan yakubu
1,the bleeding heart band
1,rodney eade
1,craig van tilbury
2,choreographed
2,military conflict
1,henri becquerel
1,khalid bin sultan
1,east tilbury
1,sierra madre de chiapas
1,owyhee river
1,mika hakkinen
2,after
1,phil collinson
1,florida
1,zarqa river
1,peter bergman
2,published
2,kingdom
1,roh tae-woo
2,religion
1,george madison
1,wickramabahu college
1,massimo liverani
1,central semitic languages
1,collin county
1,siege of fort recovery
1,malaysian chinese association
1,robert sarvis
1,boeing b-17 flying fortress
2,pod
1,avangard omsk
1,nelson mandela
1,graham yost
1,ellsworth bunker
2,pablo
2,head coach
1,next thing
1,the prodigal son
1,bloomington viaduct
2,incumbent
1,the many hands
2,club manager
1,annie leibovitz
1,pina records
1,christians
1,achievement screen guild award actor
1,pregny
1,1967 mexican grand prix
1,ohio
1,colorado wine
1,columbus crew sc
1,paul jones
1,john speraw
2,distributing label
1,lebrsnik
1,garry unger
1,coneygree
1,digitalb
1,stephen l.r. mcnichols
1,paramount domestic television
1,stan lee
2,runes
2,athletics
1,kerguelen islands
1,ganges
1,runewaker entertainment
1,turner broadcasting system
2,sister name
1,bangladesh
1,bill clinton
1,abdel boucker
2,beer
1,robert william wilcox
1,greg weeks
1,lyons township high school
1,wizards vs aliens
1,chiva bus
1,\
1,kenosha, wisconsin
1,robbie diack
1,chelsea f.c
1,trn vit hng
2,professional
1,sleepy-time squirrel
1,charles willing byrd
1,brazil
1,spanish
1,chatumongol sonakul
1,iowa
1,robert sarvis
2,doctoral students
1,mongolian legislative election, 2004
1,olympics gymnast summer rings men's
2,mountain
1,bertrada of laon
1,julie hastings
2,tower
1,don't bring me down
1,austin college
2,oxford
1,denzil minnan wong
1,u.s. route 59
2,samurabsheron
1,igor shpillband
1,union of cambodian democrats
2,phylum
1,ganymede
1,indian english
2,network
2,parent
1,willian menalaus
1,academic theater ballet
1,msx basic
1,south side elevated railroad
1,chea sim
1,north america
2,command structure
1,dan river
1,susan weber soros
1,new england patriots
1,dschinghis khan (song)
2,relegious
2,pole driver
1,bbc hd
1,simon fuller
1,jean grey
2,hometown
1,robert burns
2,sports
1,denver
1,steve nash
1,atlantic
1,ricky grevais
2,speaking
1,baku puppet theatre
1,edinburgh university
1,aegean sea
2,ethinicity
1,marquette golden eagles team men
1,aaround van heemstra
1,bottineau lrt
1,southend-on-sea
1,bibulus marcus
1,cubic hermite spline
1,tennessee
1,noko
1,2006 oakland raiders season
1,e w kemble
1,walt disney records
1,arlington national cemetery
1,mizoram legislative assembly
1,words of gold
2,congressmen
1,san salvador island
2,musical band
2,gridiron football player
2,structured
1,rheinmetall mg 60
1,korean minjoo party
1,anaheim
1,chumash people
1,egyptian open
1,clark daniel stearns
1,berlin
2,williams
1,john roberts
1,brian d'arcy james
2,academic advisor
1,connect google
1,heroman
1,cyril hume
2,distributed by
1,george arceneaux, jr.
2,headquarters
1,newington
1,owen dougherty
2,medals
1,lars pearson
2,flows
1,south carolina
1,grard larcher
1,courage triple album)
1,poland
1,lake victoria
1,naval air facility adak
2,earlier
1,platte river
1,mario olivero
1,royal blue
1,james watt
1,kasparov
1,south loop printing house district
1,battle of fort stephenson
1,a todo romantic style
1,nord
1,erich kempka
1,mick schumacher
1,josiah idowu-fearon
1,tahiti
1,mike mccurry
1,autoconf
1,letter to a christian nation
2,airport
1,purnima banerjee
2,stations
1,anthrax
1,politics
2,oses
1,papeete
2,division
2,did
1,michael mayr
1,hyundai lavita
1,etc
2,doctoral advisor
1,mount moosilauke
1,amblin television
1,dennis deconcini
1,legislative arunachal assembly
1,jackson rand
2,parent company
1,jevan snead
1,gales ferry, connecticut
2,wrote
1,foxconn
2,national motto
2,composing
1,hirokazu tanaka
1,colin brake
2,largest
1,worcester college, oxford
2,honorary title
1,ghana national team
1,francis palmer smith
1,yakov estrin
1,shiva rao
1,pop art
1,colonial troops
1,national medal of science
1,michael medor
2,advised
1,ozzy osbourne
1,daniel gibson
1,metro blue line
2,products
1,metro station (band)
1,salsette island
2,author
1,mumbai vadodara expressway
1,y.s. rajasekhara reddy
1,google videos
1,airtours international airways
2,ghana
2,associated musical artist
2,both
1,rio
2,fighter:
2,george
1,gibson les paul
2,now
1,maryanne trump barry
1,pcl construction
1,daisi pollard
1,hammond organ
1,fig tree bay
1,philip w. pillsbury
2,central
2,recorded in
1,in the bazaars of hyderabad
1,prawn song records
2,costa
1,entertainment one music
1,coconut
2,louisiana
1,scott haran
1,steve buyer
1,james brown
1,viktor ulyanich
2,amusement park attraction
1,yale club
1,ngoy
1,sunrise
1,presidential campaign gore
1,hanging
2,motor
2,edinburgh,
1,kimberly stewart
1,william deane
1,plymouth, vermont
1,palm city, florida
1,comedy central
1,thesaban
1,winston bryant
1,silver airways
2,georges
1,los angeles
2,association
1,putri raemawasti
1,stoke city fc
1,jose luis narom
1,united states
1,ralph j. gleason
1,barcelona season
2,is located in
1,american basketball league
2,soccer manager
1,william doyle
1,eric schiller
2,grandson
1,rca records
2,robert
1,war of 1812
1,wahoo!
2,tokyo
1,take me there
2,child
1,david pressman
1,st. takla haymanot's church
1,strontium 90
2,console
2,songwriter
1,pierre graham
1,killing is out, school is in
1,novelas ejemplares
1,baikal mountains
1,bruce bochy
1,lula j. davis
1,the national herald
2,schooling
1,cookie
2,in power
1,metropolitan city of venice
1,momoko kchi
1,danish straits
1,michael powell
1,army air corps
1,spanish harlem incident
1,gloria schaffer
1,2008
2,operating system
2,science
1,atlanta
1,arunachal pradesh legislative assembly election, 2014
2,jacket
1,national park service
1,st mary's church, battersea
2,associate band
1,neil cross
1,unitary
1,levon ashotovich grigorian
2,work for
1,picasso's last words
1,fort monroe
2,royal
2,artist music
1,toronto marlies
1,operation dragoon
1,wiktionary
1,fort lauderdale strikers
1,special 26
1,west berkshire council
2,veneration
1,seattle mariners
1,captain eo
1,mechanical engineer
1,flatbread
1,maryland jockey club
1,jamiatu muslim mindanao
1,pat kirkwood
1,duncan u. fletcher
2,parents
1,monticello, maine
1,charles journet
2,platforms
2,operating
1,ingrid von rosen
1,brothers union
1,polytechnic philippines university
2,mfr
2,railroads
2,education
1,cape town
1,if
1,the catastrophe of success
1,gordillo gabriel
1,mac os
1,battle of brownstown
1,master's sun
2,affiliations
1,alice's wonderland
1,national film school
2,nominees
1,brad paisley discography
1,baku olympic stadium
1,henry knox
1,bob macmillan
1,bengalis
2,marshals
1,hotchkiss
1,california
1,hospital western
2,military branch
2,birth location
1,glasgow
1,angola avante
1,a streetcar named desire
2,which
2,central"
1,alan thicke
1,dalma kovcs
2,line
1,little colorado river
2,hornet super
2,broadcasts
1,orellana
2,england
1,freestyle swimming olympics summer
1,darth vader
2,american football player
2,owns
2,san
2,was
2,balaton
1,terminator
1,athens
1,carolina north arden
2,memphis,
1,lake washington
1,corringham railway station
2,theme music composer
1,juelz santana
1,john spencer
2,boeing
1,neverwhere (radio play)
2,auletes
1,costanzo preve
1,amc gremlin
1,male
1,momoko
1,ptolemy xiv
1,maplemusic recordings
2,soccer clubs
1,los angeles angels of anaheim
2,voices
1,banlung
1,church and wellesley
1,los angeles clippers
1,goose lake valle,
2,has
1,mid wales
2,cinematographer
2,uses
1,wallace dollase
1,werner heisenberg
1,d'aveneyre
1,boston
1,geoffrey
1,manu cornet
1,biscayne bay
2,road
2,tomb
2,current team
1,wonderland alice
1,germany
1,south side elevated railroad
1,europa
1,chapelle saint-louis de carthage
1,taekwondo
1,david ian salter
2,honours
1,john muir
1,robert p. smith
1,jann wenner
1,benjamin pulleyn
1,coalition provisional authority
1,samuel w. mccall
1,get tv
1,shakespeare
1,croatian inline hockey
1,hubert wiggs
1,kensington
1,firmicutes
2,prime
2,texarkana
1,norway
2,mayor
1,french southern and antarctic lands
1,20
1,quarterback
1,women in the garden
1,motorpsycho nitemare
1,mark latham
1,miley cyrus
1,lawrence f. cafero
1,kathimerini
2,john
2,party the
1,angola
2,largest city
1,ludovic boi
1,absolutely fabulous
1,incredible hulk
1,gpl
2,place of death
1,titus software
1,lincoln levi
1,lawrence realization stakes
1,jerry bock
2,gender
2,who
1,remote desktop protocol
1,clan mcduck
1,karakuri dji ultimo
1,dean wurzberger
2,drums
1,mausoleum of augustus
1,singhasan battisi
1,panthera
1,ishir honda
2,formercoach
2,whose
2,writtten
1,euboea
1,artisan entertainment
2,origin
1,red ahead
1,territory indian
2,relatives
1,sportsnet comcast
1,chris knierim
2,press
2,foundation place
1,hugh scott
2,interest
2,abc
1,tom mclaury
1,foxy brown
1,richard hofstadter
1,playn
1,scola
1,peter-john vettese
2,fight
2,does
2,type
1,rajasekhara reddy
2,singer
1,ron cyrus
1,sarathchandra rajakaruna
2,washington
1,bmw m10
2,fields
1,peter frampton
1,samuel of waldebba
1,u.s. route 59 in texas
2,broadcasted
1,the adventures of tom sawyer
1,crusade
1,39th infantry regiment
2,source location
1,affoltern albis
1,moscow governorate
1,rickenbacker
2,distributing
1,stephen urban
1,language integrated query
1,lotuspool records
1,skai group
2,current
2,cover artist
1,alta mesa memorial park
2,neighboring municipalities
1,yang yilin
1,steve burke
1,jerusalem institute of justice
1,ottoman empire
2,played
1,lennon legend: the very best of john lennon (dvd)
1,theodor hillenhinrichs
1,vc lokomotiv novosibirsk
2,country
1,autodromo enzo e dino ferrari
1,michel hazanavicius
1,master card center
1,chemist
1,camel
1,marino
1,nicomedia
2,kingsley
1,deborah crombie
1,micronesia
1,indian ocean
1,same song
1,assembly kansas plant ford
1,doctor mirabilis (novel)
1,joe green
1,islamic azad
1,tetsugen bernard glassman
1,joker (comics)
1,pennsylvania whiteland township
1,western naval command
1,terry pratchett
1,high desert (oregon)
1,dan daoust
1,irne joliot-curie
1,great missenden
1,prime minister's house
2,musicians associated
1,halyna kukhar
1,fredis refunjol
2,organizations
1,michael sears
2,river
1,vadodara express mumbai
1,battle chess
2,battle
1,air 2000
1,steve romeo
1,uncle henry
1,paradise place
1,ghana school of law
2,graduate of
1,lena river
1,alta mesa memorial park
1,sicklefin lemon shark
1,elizabeth ann seton
2,administrator
1,herbert bautista
1,cohoes
2,race
1,lake uniamsi
1,beaver falls high school
1,christine rolfes
1,joel quenneville
2,parliament,
1,rakitnica
1,nothing in common
1,emi
1,bert michell
2,architecture
2,johnson
1,sony financial
1,jamiatu muslim mindanao
1,capitol 400
2,cast
2,song
1,grey
1,stewart bovell
2,draft team
1,dolley madison
1,jimmie lou fisher
2,british
1,john mctaggart (jockey)
1,motherland
2,ascented
1,petersburg
1,roh tae woo
1,arctic ocean
1,norman, oklahoma
2,information appliance
2,europe
2,writing
2,water body of
2,delhi
1,sanremo music festival
1,spartak season moscow
1,ford motor credit
1,bronx county
1,hohenau
1,charles roman
1,liudmila privivkova
1,toronto argonauts
1,atlant moscow oblast
1,harvard
2,catch
1,hinkey haines
2,starting
1,trinity house
2,count
1,john englehard
1,ciao zanardi
1,marion dufresne
1,iceman
1,fox sports
1,wringer (novel)
1,cherokee
2,platformed
1,henry david thoreau
2,ceo
2,region
1,natural philosophy
1,fox sports radio
1,swedish academy
2,custom
2,bachelor
1,illinois
1,shawn fanning
1,sundridge
2,based upon
1,michael house
1,kingdom of naples
1,doug walgren
1,sverre krogh
1,supachai somcharoen
1,comedy central
1,flour
1,hypnotize minds
1,cable stayed bridge
1,facebook messenger
1,the okee dokee brothers
1,john of damascus
1,national hockey league
1,qadir huseynov
1,mastercard centre
1,john bowlby
1,adugna deyas
1,quagmire's quagmire
1,david hume
1,harriman,
2,animal
2,tombstone
1,edwin catmull
1,tales of suspense
2,music genre
1,wallington railway station
1,sony corporation shareholders and subsidiaries
1,arkansas wine
1,church peter mount
1,oakland athletics
1,plymouth high school for girls
1,edwin f. hunter
1,tnt
2,county
2,instrument
2,previous work
1,union (american civil war)
2,wine region
1,ombla
1,russian premier league
1,jonas gahr stre
1,dominican republic
1,pontiac building
1,arequipa region
2,photographer
1,outlawz
1,robert de niro
2,service
2,famous works
2,la
2,spring
2,continue
2,publications
1,bob macmillan
1,maple
1,angela ren
1,south park: the stick of truth
1,texas
1,skeleton dance the
1,taiwan
1,wcse-lp
1,darren brass
1,pope benedict xvi
2,ground
1,zambia
2,railway line
2,used
1,atletico petroleos de luanda
1,drayton ohn
2,ryan
2,mouth location
1,dionne warwick
1,massachusetts house of representatives
1,udit raj
2,armymen
1,mcclain
1,2015 fort lauderdale strikers season
1,galileo
2,direction central combat
1,hank brown
1,isaac hayes
1,uncle henry
2,automobile
2,subsidiary
2,racing
1,northwest indian war
1,itasca state park
2,derived from
1,vadodara junction railway
1,new castile
1,candles
1,shannon cave
1,kamaloohua
1,full
1,ludwig von drake
1,mr. jim's pizza
1,los angeles international airport
2,owner
1,panathinaikos fc
2,voiced
1,bruce lee
1,gibson guitar corporation
1,beverly hills, california
1,shawnee people
1,french southern and antarctic lands
1,marvin bush
1,southwest african lion
2,designed
1,u.n.i.t.y.
1,battle of the thames
2,key people
1,charles pinckney
2,gangan
2,ends
2,narrators
1,mixed
1,reigh count
2,german
1,ilya savelev
1,early in the morning and late at night
1,anton oliver
1,johann gottfried galle
1,jim wylie
2,attended
2,species.
2,tributary
1,the best of both worlds (song)
1,william cushing
1,tommy tucker's tooth
2,allman
1,transtar airlines
1,midland college
2,assembles
1,lee hyun jae
1,richard stites
1,1211 avenue of the americas
2,ribbon
1,chordate
1,the chess monthly
1,angela trusty
2,brains
2,formula one racer
1,virgin radio
1,rama i
2,languages
1,huckleberry finn
1,nku
1,david scherman
2,siler medalist
1,fusajiro yamauchi
1,hilary clinton
2,mike
1,ladonia
1,marv mcfadden
1,park chunghee
1,cirque
1,berkeley, california
1,brent darby
1,sacramento california
1,brian deegan
1,petersen house
1,cape canaveral air force station launch complex 26
1,dubai
1,booker t
2,liggat
1,jadavpur
1,open house (american horror story)
1,john o moseley
1,ktxy
1,tillingdale
2,team name
1,evenor
1,t.i. ahmadiyya senior high school, kumasi
1,chidambaram subramaniam
1,the apple tree
2,homeport
2,channel
1,afrika baby bam
1,gary garland
1,731 lexington avenue
1,geneweb
2,atletico
1,gibson flying v
1,juan dalmau
2,lyricist
1,old lyme, connecticut
1,david johnston
1,billy clanton
1,eugenia correa rojas
1,denton
1,parsons school of design
1,immunologi
1,latin
1,miss michigan usa
1,australian alps
1,nintendo network
1,kemijoki
1,linguistics
1,women in the garden
1,colts neck township
2,constructions
1,new york post
2,binomial authority
1,sequoia national park
1,microsoft office picture manager
1,naval station mobile
2,lead to
1,philippe
1,the trial
1,stanley kubrick
2,movie
1,viacom
1,mark twain
1,ckfm-fm
1,percy fitzwallace
1,bbc
1,william clark
1,avalon biddle
1,grand serail of aleppo
2,programming language
2,location country
1,terminator 2: judgment day
2,played for
1,national science medal
1,secrets and lies
2,billed
1,olin corporation
1,paramount
2,hornet
1,paul dini
1,georgetown university
1,true grit
1,cape canaveral air force station
1,memphis
2,headquartered
1,sings kristofferson
1,kaszanka
1,batman live
1,wcw mayhem
1,rancho cucamonga, california
1,port of tilbury
1,plena
2,kingdom
2,battle
1,dornier aerodyne
1,steven t mason
2,magazine
1,todd j. campbell
1,moscow university
1,board game
1,cnn
2,winery
1,aida
1,mcdonnell aircraft
1,aquarius (rocket)
1,michigan
1,evraz
2,place birth
1,jack mcgregor
2,television show's
1,microsoft azure
1,hoffmann
1,menetries's warbler
2,offices
1,marcus calpurnius bibulus
1,liverpool institute high school
1,stockholm
1,graham holdings company
1,ralf schumacher
1,harry
2,high school
2,morton
2,chung-hee
1,steven clark cunningham
1,uss tillamook
1,jay gogue
2,college
1,betsy's wedding
1,irving chernev
1,art deco
1,come on over
1,continental army
1,tupelo mississippi
2,neighboring municipality
2,tales
1,boston red sox
1,office 365
1,lillian disney
1,angela trusty
1,james roosevelt
2,snorton
2,champion
2,phds under
1,frasier
2,main interests
2,vehicles
1,arctic ocean
1,raymond anthony
1,charlie justice
2,las
2,doctoral
1,mrunalini kunte
2,division
1,gangan comics
1,starwood hotels and resorts worldwide
1,claudia moro
1,vp-8
1,pentagon
2,currently
1,barq's
1,jon curran
2,opponent
2,award
1,short trips: a day in the life
1,a rose for emily
1,truss bridge
1,oh! darling
1,naval support activity naples
1,murray mouth
2,editor
2,associcated
2,mammals
2,inspired
1,blanche dubois
1,gospel music
1,carolyn heinrich
1,david lewis (poet)
1,buzz williams
1,abraham
2,model
1,tony allen
2,graduates
2,planet
1,renault
1,robin kovacs
2,positions
2,moto
2,which
1,gregorios bernardakis
1,doctor who extra
1,war of attrition
1,2006-07
1,wizard rock
1,good hair
2,madison
1,willem-alexander of the netherlands
2,left
1,homestead grays
1,1992 canadian grand prix
1,dodge
1,mississippi oktoc
2,participant in conflict
1,renfe class 333
2,aircraft
1,washington station
1,caterpillar 797 
1,concor holdings
2,produced
1,gloucestershire
1,columbia records
2,winn
2,messenger
2,ethnic
1,first church of christ, scientist
1,robert nutting
1,ren romano
2,hollande
1,washington dc
1,kevin tsujihara
1,national serbia team
2,airlines
1,position gridiron football
1,renfe class 333
1,limerick
1,college sainte marie
2,launch site
1,toluca
2,shooting
1,gabriel slaughter
1,garbage
2,mouth mountain
1,lancy
2,ramon
1,england national under-21 football team
1,st george's hospital
1,sammy hagar & friends
1,arlington county, virginia
1,president of ghana
1,sturtevant uss
2,producer
1,allen walker
1,anna bergman
1,kansas legislature
1,megabalanus concinnus
1,israel
1,western africa
2,gibson
1,government building, kiev
2,administrative headquarters
1,sukhumbhand paribatra
1,justin zackham
1,vesak
2,operates
1,richard m. sherman
1,downtown athletic club
1,tupac
1,steven palazzo
1,brain
1,russel davies
1,thomas darden
2,content licence
2,philosopher
2,place
1,vanderbilt commodores
1,orange line
1,adios amigo
1,arthur bagby
2,music band
2,agency name
2,emmett
1,brown hair
2,authorities
2,sport
1,tomb of joshua
1,babylon 5: the lost tales
1,abhijit kunte
1,pittsburg
1,advocate nasiruddin
1,irishmen
2,smiths
2,ones
2,lawrence
2,salvador
1,john estes
2,class
1,hopje
2,miao
1,postbanken
1,operation penguin
1,vanderbilt hospital children
1,fighting tiger
1,north korea
1,red marauder
2,sire
1,playtone
1,the american magazine
1,probus
1,lyons township high school
2,beatified by
1,regional transit authority of southeast michigan
2,comic
1,trinity school, brentwood
2,out,
1,the kentucky cycle
1,black grape global
2,characters
1,san marcos river
2,musical instrument
2,trade union
2,member of parliament
1,laurence mark
1,bannock
2,guests
1,moscow
2,named
1,chinook boeing
2,officeholder
1,tom o'malley
1,ennejma ezzahra
2,political
1,homestead grays bridge
1,germanic languages
1,google.by
1,greenpeace nordic
1,yes
1,ational academy school museum
1,magnolia place
1,mind
1,airman first class
2,also
2,bird
1,larry lalonde
1,govinda
1,peetz table wind energy center
1,elizabeth: the golden age
1,rhodes-haverty building
2,houses
1,creative commons
1,university of miami
1,nhiek tioulong
1,khadra ismail haji
1,kady o'malley
1,yankees
1,julius c. burrows
1,san francisco art institute
1,doctor who confidential
1,kurt vonnegut memorial library
1,mariveles, bataan
1,the mysterious stranger
1,watthana complex chaeng
1,kumta
2,silver medal
1,think (journal)
1,purvis eureka
2,featured
1,stella kowalski
1,chicken little
1,ndonga mianga
1,national herald
2,manufacturer
1,watford season
2,find
1,taguig
2,students
2,father
2,debuted
1,steve winwood
2,william
2,city
1,president of france
1,metaphysics
1,joshua a. siegel
1,mark stevens (film editor)
1,peanuts motion comics
1,the daredevils
2,participate
2,video game
2,ramgoolam
1,mark johnson
1,short cut draw blood
1,university tani
1,great ayton
2,death place
1,alan kusov
1,mike babcock
1,shaun the sheep
1,harlan mathews
1,martin molony
2,mile
1,bankers life fieldhouse
2,members current
2,automobile platform
2,relation
2,interested
1,alcal de henares
1,derick heathcoat amory
1,shawn johnson
1,akio morita
1,stevens t. mason
2,record label
2,groups
1,seed eight
1,robert john
1,pacific
1,c.d. primeiro de agosto
1,bogobiri house
2,foundeer
1,vp-10
1,susie liggat
1,fox
1,jojo chintoh
1,david bowens
1,jawaharlal nehru
1,random house
1,bass guitar
1,john w. weeks
1,henry ford
1,ins viraat
1,croix de guerre
2,television show
1,arkansas
1,16
2,to
1,abhijit kunte
1,salford city
1,rob patterson
1,monument to salavat yulaev
1,mishal raheja
1,mohamedia, tunisia
1,lena river
1,sigma tv
1,all i need is your sweet lovin 
2,combatant
1,michael nichols (photographer)
1,lezlee westine
1,martha's vineyard
2,founding
2,norwegian
2,kind of music
1,fremantlemedia
2,state
1,virtual console
1,funny face
1,tar heel sports network
2,former choreographer
1,marika gombitova
1,liang chow
1,pope pius xi
2,services
1,norbert wiener award for social and professional responsibility
1,iqbal singh
1,one of these days
2,in
1,human
2,european
1,vicariate apostolic
1,andy warhol
1,alexa scimeca
1,christopher s. stewart
1,fuountain lake farm
1,henry morton dexter
1,jacques-dsir laval
1,apollo 11
1,jack ferguson
1,municipal council
1,the fox and the cat
1,white plains road
1,shire river
2,cartoons
1,cinema international corporation
1,uae
1,kingston ontario
2,ramakrishnan
1,steve holland
2,notable
2,tupelo
1,wendy jaquet
1,luigi brugnaro
1,richard heron
1,education mixed
1,vinifera grapes
1,romanticist
1,close air support
2,originated
1,erban ieica
2,universe
1,tonkin campaign
1,waylon jennings
1,airport jeju
1,hair red
1,news corp
1,iskra
1,mel brooks
1,rev (drink)
1,benjamin spock
1,raptors 905
2,michael
1,championship snooker
1,ted hartley
1,erik jendresen
2,time zone
1,lpga
2,associat
1,saint lucia national cricket team
1,balaton wine region
1,ajahn thate
1,thakur
1,elliot goldenthal
1,dinamo krasnodar
1,newcastle
1,vanderbilt
1,special lost
1,sean young
1,indian standard time
1,ford y-block engine
1,everybody where knows
1,state route 162
2,comedian
1,dale mitchell (ice hockey)
1,king crimson
1,lars bak
1,chaudhary devi lal
1,mon capitaine
2,managed
1,guitar
1,virtual kasparov
2,state
1,msx basic
1,musee d'orsay
2,national anthem
1,haight-ashbury
1,private universiti
1,serbia national american football team
1,flowering plant
1,1874
1,monroe carell jr. children's hospital at vanderbilt
1,donn barber
1,clamp
1,gervase helwys
1,czechoslovakia
1,international union of anarchists
2,doctoral supervisor
1,christchurch
1,cristo rey jesuit high school
1,software as a service
1,shorty rogers
2,broadcast area
1,abarth
1,dave schulz
1,us navy department
2,christians.
2,mouth country
1,ronda
2,scientist
2,nationalteam
1,transportation
1,at&t park
1,francois marie le marchand de lignery
1,maria ludwika krasiska
1,vitis vinifera
1,ivory coast
1,aureus
1,american football league
1,port klang
1,shaheed minar, kolkata
1,dave bing
1,the notebook of trigorin
1,blanchard william
2,ethnic group
2,prospective
1,midfielder
2,winners
1,lucifer's hammer
1,buwei l
1,marionette
1,tangerine dream
1,defenceman
2,partner
2,royalties
1,public company
1,englewood, colorado
1,the peanuts movie
1,lori black
1,ministry railway
2,neighboring
1,oliver boulay
1,south african class 11e
1,karen grigorian
1,jeff hornacek
1,polet airlines
1,national archaeological museum
2,astronaut
2,narrator
1,luzhniki stadium
1,golan heights
2,mahoney
1,lionel messi
1,england national football team
1,ncaa division i football bowl subdivision
1,cheasty boulevard south
1,henri, duke of rohan
1,american football wellington
1,charles a. boutelle
1,amharic
1,elsie paroubek
1,josef bhler
1,1993 european grand prix
1,david w. brown house
1,sweden
2,babita
1,hubert wiggs
2,guest
1,jonathan haskell
2,sports manager
2,fiction
1,noaas davidson (s 331)
1,moscow
2,non-profit organisation
1,taekwondo
2,hair
1,i can't change the world
1,fergie sutherland
1,akale
1,emilio nez
1,lima
1,laura k. ipsen
2,affiliates
1,sam keller
1,vandenerg air
2,notable work
2,yasmin
1,continental army
1,national commercial bank of mauritius
1,arsenal cider house
1,craig robinson
1,houston city council
1,francois hollande
1,brian peddle
1,leuven
1,oprah winfrey network
2,win
1,general educational development
1,chung il kwon
1,volkswagen
1,raymond baldwin
2,employer
2,army
1,karlsruhe school,
1,mahbuba islam rakhi
1,arctic tale
1,army command
2,alexius
2,kind
1,invasion of buwat
1,dave hollister
2,format
2,studios
1,vietnam airlines
1,george f. moore
1,now tv
1,david scherman
2,butter's
1,charles lemaire
1,kakae
2,aircraft system anti
2,filipinos
1,turbines
1,waitakere united
1,albert kwesi ocran
1,kate spade
2,mountain parent peak
2,gingell
1,marie curie
1,john tower
1,harry and the potters
2,served by
1,girl from the north country
1,elton john
1,robert morris colonials
2,meaning
2,product
1,jazz fusion
1,roger waters
2,broadcast network
1,channel district
2,marchand
2,neungin
2,area
2,label
2,position
1,paphos international airport
1,james still
2,playboy playmate
1,ronaldinho
1,lung cancer
1,entertainment ticket
2,place death
1,paphos
2,station)
2,arrow
1,marshall fletcher mccallie
1,running back
1,jimmy wales
1,louis d. astorino
1,russia
1,san francisco international airport
1,allama matthews
2,successor
1,la marseillaise
1,freedom of the city
1,harry parker (baseball)
1,roundhead
2,mater alma
2,architects
1,africa '70 (band)
1,smooth nice
1,master
2,shows'
1,plymouth university
1,gene conley
1,sovereign military order of malta
1,us
2,score
1,ronaldo
2,judges
1,santa clara university
1,judy garland
1,linda hogan
1,lucrezia tornabuoni
2,bank
1,take me there
1,maike evers
1,vanderbilt commodores
2,choi
2,whitefield
1,kffg
2,serve
2,received
1,ontaria
1,michigan renaissance festival
1,australian of the year
1,thornton creek
1,czartoryska
2,world
1,titus software
2,henri
1,balgowan
1,maharashtra chess association
1,siberia
1,pope pius x
1,before i let you go
2,show is
1,richie aprile
1,the smiths
1,london
2,practices,
1,bbc multimedia
1,city of angels
1,current river
1,bjelimiÄ‡ka rijeka
2,automobile latform
1,makes mama
1,onedrive
2,sculptors
2,scientist
1,focke wulf 260
2,pepperdine
2,hartness
1,fr agnel multipurpose school
1,american revolutionary war
1,animal
1,michael poulin
2,alfred
1,playstation 4
1,morphine
1,loretta ucelli
1,trish stratus
1,mary poppins
1,cobham training centre
2,connecticut
2,consort
2,relegion
2,result
1,al bano and romina power
2,musician
1,barasat
2,simon
2,morphy
2,emerged
1,love hurts
1,robin gibb
1,job durfee
2,guitar
1,myntdu river
1,riverside stadium
2,theatre
1,orthonychidae
1,devon
1,progressive rock
1,burnet r. maybank
1,martin ferguson
2,mountain parent
1,bachelor of arts
1,one day at a time (em's version)
1,2010
1,beyond the sixth seal
1,miguel de cervantes
1,hamas
2,newspapers
2,star
2,actress
1,frank miller
2,power
1,google videos
1,indiana
1,hebron
1,morrissey
1,ben nighthorse campbell
1,jim brady
1,nick castle
1,human
1,egushawa
1,dick spalding
1,ted falon
2,painted by
2,holds stock
1,international airport
1,tokaj wine region
1,bill murphy
1,a streetcar named desire
1,christophe beck
2,junction route
1,paul leonard
2,mouth
2,known
1,mediterranean sea
2,near
1,danny felice
1,humes high school
1,koay teng hai
1,t.i. ahmadiyya girls senior high school
1,lesley-anne knight
1,platform cross
1,augustus
1,next thing
1,renaissance center
1,yale repertory theatre
2,discovered by
2,mother
2,agency
1,subaru legacy (second generation)
1,rashid behbudov state song theatre
2,edinburgh
2,within
1,middlesbrough season
2,movement
1,cologny
1,province western zambia north
1,battle of france
1,michelle d. johnson
1,james chadwick
1,hackweiser
1,dublin airport
2,what
2,road tunnel
1,mclean hospital
1,paul demiville
1,cherry chevapravatdumrong
1,ananda college
1,field marshals
1,1967 mexican grand prix
2,manage a club
2,scientists
1,kala pani
2,appearing
2,recorded
1,tom perriello
1,convent of the barefoot trinitarians
1,joel schumacher
1,upper neratva
1,dragons' den
1,indiana territory
1,terminal station
2,wife
1,greenup county high school
1,tendring
1,harvard-westlake school
1,fred claus
1,magnolia plantation gardens
1,dofinivka estuary
1,blizzard entertainment
1,gold base
2,pm
1,the next step
1,association of southeast asian institutions of higher learning
1,3
1,rainbow warrior
1,england
1,franklin w. olin
2,field
2,grand prix
2,album
1,butch metzger
2,designed by
1,xnu
1,broad creek
1,georgina theodora wood
1,eristoff
1,david miscavige
1,manhatten
1,neuroimaging
1,jerry seinfeld
1,my favorite girl
1,toms creek
1,amit saigal
2,theatres
1,european go federation
2,liverani
1,satish kumar sharma
2,founders
2,admin hq
2,anaheim
2,marika
1,orange virginia
1,mark sandrich
1,operation autumn clouds
1,centre
1,trinity house
1,zachary taylor
1,election general
1,timothy l. woodruff
1,pius xi
1,chicago bulls
1,levi lincoln, sr.
1,bob hawke
1,janata party
1,sarah kazemy
1,cape canaveral air force station space launch complex 17
2,mollusca
2,jaquet
1,matinee
1,svetlana navasardyan
1,paul hausser
2,written by
2,shakespeare
2,can
2,kid
1,colonel
1,river benu
1,the other side (the outer limits)
2,party leaders
2,bred
2,has kids
1,jan paulsen
2,institution
2,died in
1,morristown, new jersey
2,station
2,governor
1,the conglomerate
1,gods of egypt
1,burbank high school
2,board
1,judge advocate general 's corps
1,united states air force academy
2,employed
2,langer
2,petersen
2,produces
2,current partner
2,lyrics
2,restingplace
1,naval station bremerton
1,colorado
1,cheryl teigs
1,anuruddha ratwatte
2,state's
1,saint-amand-en-puisaye
1,einstein
1,season villa aston
2,employee
1,robert bernstein
1,james mcclure
2,government agency
1,janaka thissakuttiarachchi
1,walter edge
2,mean
1,alfred blalock
1,dee dee warwick
1,criteria studios
1,sirius xm holdings
1,teddy riley
1,shaquil barrett
2,creators
1,nosler lloyd
2,league
2,balanidae
2,ceremonial county
1,aida
2,sister
1,san francisco giants
1,los angeles lakers
1,google custom search
2,musical
2,people key
1,us route 281
1,denbigh high school
1,chuck connors
1,dennis muilenburg
1,central european summer time
1,daniel waters
1,thomas hicks
2,skier
2,greater
1,mark davis
1,battle of france
2,occupation
1,voere
1,aishath saffa
1,george lucas
1,hellenic naval academy
1,the information: a history, a theory, a flood
1,1
2,show's
1,denton county, texas
1,olympics winter slalom skiing alpine
1,world series of poker
1,landet
1,schmitz john
2,city's
1,blade runner 2: the edge of human
1,bloomberg markets
1,eurovision
1,johann gottfried
2,main interest
2,anthem
1,elmer burkett
1,urban area
1,lyons township high school
1,mams taylor
2,@@@
1,william c. cramer
1,geography of puerto rico
2,led
1,allal
1,gulf of mexico
1,from the life of the marionettes
2,end
1,wide receiver
1,stephen e. ambrose
1,whitney wistert
1,allen walker
1,tuba dei
1,sony music
2,awarded
2,dalilah
2,employees
1,indian standard time
1,american mediterranean sea
1,anar salmanov
2,faith
1,bloomberg l.p.
1,mickey's mellerdrammer
1,albania
1,wild risk
1,stone canoe
1,marie sisters
1,switzerland at the 2008 summer olympics
1,thomas bryan martin
1,panki block
2,illustration by
2,burrows
1,argentine
1,hirth acrostar
1,the cw
1,robert witherspoon
1,ken holland
1,murray gleeson
1,navy
1,arthur st. clair
1,leonid fedun
1,birdman enterprises
1,alan barzman
2,buried in
1,english language
2,operator
1,female
2,commanders
2,leader title
1,erica frank
2,craig
1,series 30+
1,lorenzo de' medici
1,iyasu ii
1,la clippers
1,falcon cobra
1,saneh lungkeaw
1,ziggi recado
1,martin ragaway
1,selwyn lloyd
2,sucessor
1,rolando gomez
1,penguin
2,software
1,white river
1,highway 42
1,lori black
1,truth prevails
1,downriver
1,shaun thong
1,achievement screen actors
1,the shirelles
2,record
2,families
1,saxophone
1,fedexfield
1,big creek
1,river shannon
2,associated music
1,gough whitlam
2,known for
1,individual gymnastics all-around olympics artistic
2,setting
1,malaysia junior hockey league
1,major general
2,alumni
1,john paul ii
1,sam carrick
1,oliver sacks
1,sacred heart convent school (bangkok)
1,erastus wiman
2,episode
1,elizabeth ann seton
1,john derek
1,henry clay
2,is
2,hq
1,sergei ovchinnikov
1,arcand louis jean
2,opens
1,robert t. herres
2,speelman
1,ministry of internal affairs
1,potato
1,ivan iii
2,ship
1,bruce beutler
2,pirates
1,balanidae
2,illustrated by
1,anton ausserer
1,brown's corners, toronto
1,creatures
1,wwtr
1,uss marmora (ix-189)
1,a. peter dewey
1,amidala padm
1,queer as folk
1,john adams
2,notable works
1,ghana
1,mass media
1,russell t davies
2,office holder
1,dimitris terezopoulos
1,pioneer corporation
1,chimera of arezzo
1,mary
1,shannon pot
1,jack mcgregor
1,audi
1,american indian wars
2,body discovered
2,write
1,mauritius national
1,arthur st clair
2,playing
1,pilottown, louisiana
2,campuses
1,ujjain junction railway station
2,signs
2,steven
1,polytechnic philippines university taguig
2,playstation
2,girder
1,new zealand chess federation
2,governmental
1,jimmie fisher
1,blayse
1,google web toolkit
1,piotr glinski
1,memorial leonard ridge
1,mac os
1,visual studio
1,john kotelawala
2,garrison
1,algeria
2,american football league
1,cleopatra v
2,award
2,band member
1,jack ryan
2,ungulates
1,solidus (coin)
1,washington eastern
1,in a word or 2
1,paul john
1,gyrfalcon
1,island bayou
1,teriitaria ii
1,changin' times they
2,people,
1,christina crawford
1,alfred tarnowski
1,greater napanee
1,karu jayasuriya
1,walter evans edge
1,bonnie clyde
1,robert hall
1,pyusawhti
1,dorothea sharp
1,splash
1,the point?
2,country source
1,ragout fin
1,santos
2,works at
2,baltimore
1,soccer league
2,operated
1,jerry siegel
2,parent mountain peak
1,frontaccounting
1,budapest
1,representatives election united states house
1,victoria
1,mickey roker
1,thomas secunda
1,rosie huntington-whiteley
1,malaysian
2,been
1,cup turf
1,a-changin times they are
1,charlie chaplin
1,dalilah sappenfield
2,choroegraphed
1,god defend new zealand
2,petersson
2,tulane
1,onedrive
2,newspapers's
1,ford
1,kumho asiana group
1,liliya lobanova
1,kris kristofferson
2,acted
1,angelo judy hart
2,mexico
2,lyrcis
1,easy street (film)
1,southeast asia
1,olympics women's singles tennis summer
2,hub airport
2,pyusawhti
1,lieutenant general (united states)
1,arlington heights, illinois
1,united world college
2,settelment
1,microsoft expression encoder
1,wenner
1,johannes gerhardus strijdom
1,gerard piqu?
1,cyrus mann
1,karafarin bank
1,marjas
2,cinematographed
1,darren mcnamara
2,ethinic
1,alfred kleiner
2,augustin
1,patts college of aeronautics
1,warren
1,nihoa
2,number
1,township school
1,kansas city, missouri
1,wizards aliens
1,eka lagnachi teesri goshta
1,hallopus
1,broca pau
2,location
2,jon
1,mark twain tonight
1,engine, layout wheel front drive
2,coming
1,national herald
1,vuelta mexico telmex
1,thomas pfyl
1,cockroach labs
1,roger barton
2,served region
1,guggenheim family
2,hubs
1,massachusetts department of transportation
2,crimson
1,clatsop
1,ufc 140
2,parties
2,home stadium
1,disneytoon studios
2,university
1,moscow-kazan high-speed railway
2,family
1,baltimore ravens
2,water
1,university of oxford
1,austria
1,daund junction railway station
1,massachusetts
1,londo mollari
1,emms
1,doonesbury
2,there
1,mitch miller
1,pittsburgh line
1,wilfred mcdonald
1,doubleday
1,wizards vs aliens
2,episode one
1,komc-fm
2,people
1,the incredibles
2,achipelago
1,miao people
2,total
2,has children
2,affiliations's
1,pepsi center
1,pashnin
2,location of death
1,giuseppe bertello
1,j clark
1,malaysian
2,authoritative
2,creator
1,screen actors guild life achievement award
1,lee leffingwell
1,hudson highlands state part
1,wringer
1,boundary dam
1,tambourine man
1,uss kittiwake (asr-13)
1,williamsburg, kansas
2,direct
1,joe pass
2,battled
1,charles phelps taft ii
1,united center
1,uniontown
1,uganda
2,franke
2,leagues
1,jean segura
2,product
2,right tributary
1,john mcguinness
1,the ultimate fighter: brazil 2
1,malaysia junior hockey league
2,inside
1,israel
1,primus (band)
1,v8 engine
1,philippines
1,cadillac fleetwood
1,nba
1,bourchier henry essex
1,northampton howard, henry earl
1,chant mas
1,santo versace
2,tiemzone
2,screenwriter
1,michael jeffery
1,snake island
1,national league
2,former member
1,balangir
1,mike babcock
1,french
1,politiques instituts
1,al gore presidential campaign, 2000
2,source mountain
1,arthur a. ross
1,lewis stuyvesant chanler
1,hylebos creek
1,jon speelman
1,gnu
2,terrotory
1,nathan dempsey
1,donna shalala
1,louis briere
1,ford f-series first generation
1,thorington railway station
1,oktoc, mississippi
1,german-occupied europe
1,endowment national
1,united states department of the navy
1,nick park
1,international association of universities
1,edsel ranger
2,stephanie
1,ladonia
2,plays
2,organisation
1,robert nederlander
1,election pradesh general
2,fileds
2,movies
1,tremont avenue
2,due
1,meadow soprano
2,team name
2,single
1,representatives united states
1,stan lee
2,televison
2,volleyball player
1,mcdonald
1,al-muzaffar umar
2,youth club
1,harvest christian center
1,alive naturalsound records
1,dale mitchell
1,truman mcgill hobbs
1,frederick cooke
1,east indies station
1,katy b
1,scotland
1,bloomberg radio
2,opposed
2,matter
1,stony brook university hospital
2,architectural
2,biggest
1,public transport authority
2,mathews
1,amalgamated association of iron and steel workers
1,behave yourself?
2,california
1,miao rebellion
1,roman abramovich
2,entomologist
1,elliott bay
1,moses
1,webber
1,riley reid
2,artwork
2,prime minister
1,crusade (tv series)
2,capital
2,manager club
1,parliamentary republic
1,anyway
1,american english
1,cartoonite
1,exxv-tv
1,balangir district
1,valaichchenai lagoon
1,' 14
1,john douglas
1,penn state nittany lions football
1,maritime museum of san diego
1,bengali in platforms
2,composer
1,south island
1,michel frutschi
2,licensee
1,alexander morozevich
1,occupation of japan
2,key person
2,ice hockey player
1,warner bros.
1,matt snorton
2,uni.
1,robert schenkkan
1,syracuse university press
1,planet waves
2,mission
1,on deadly ground
1,tendring
1,little black river
2,grounds
1,john randolph
1,joe mckeehen
1,geoffrey rush
1,wisconsin county dane
2,location of birth
1,warner bros. animation
1,sarah walker (badminton)
2,aired
2,has child
1,robert rodi
1,robert de niro
2,shrines
2,orignate
1,aunt em
1,panos loannides
1,unitary state
1,journal of cerebral blood flow & metabolism
1,novair international airways
2,raymond
1,gadsden fort
1,stanford cardinal
1,moscow-kazan
1,newin chidchob
1,connecticut lakes
1,fairfield, connecticut
1,harihar airport
1,liberty bell
1,limerick
1,glendale, california
1,henry cluney
1,1985 portuguese grand prix
2,alma mater
1,grand bahama
1,vestigial peter
2,thompson
1,st. peter's basilica
1,oddworld: munch's oddysee
1,6-18-67
1,canton of fribourg
1,estadio nacional de costa rica
1,charlie mensuel
2,divisions
1,andrew jackson
1,tornado
1,el sobrante, california
1,philosophy
2,demise
1,russell t davis
1,rouen business school
1,seattle great wheel
2,influenced
2,edu
1,adventure sawyer
1,canidae
2,tina's
2,railways
2,memeber
1,temptation waits
2,ethics
1,woodlane, new jersey
1,ike clanton
1,first legislative assembly of uttar pradesh
1,khartoum
1,bret simon
1,pandaruan bridge
1,trade association
1,heinrich himmler
2,saint
1,peter piper pizza
1,joel goodman
2,everyone
2,parent organisation
1,cosmos
1,peter cosgrove
2,party
1,tamera mowry
1,yokkohama nationaal university
1,postgresql
2,contries
1,peter thorneycroft
2,system
2,bruce
1,battle of fort stephenson
1,marvell technology group
1,funky lab rat
1,philadelphia city council
1,william carmichael (diplomat)
1,us department of the interior
1,andrew lincoln
1,rinpoche dzogchen
1,itali
1,royal thai army
1,the other side
1,chiquibul
1,thomas meehan
1,sam sen
1,duck family
2,deputies
1,liverpool city region
1,tuna salad
1,neria douglass
1,rock and roll hall of fame
1,spider-man: edge of time
1,1995 south pacific games
2,wedded to
2,seattle
1,amiga
2,website
1,bream bay
1,patterson houses
1,marvo
1,michael hahn
2,rensburg
1,kingsley wood
1,deroit red wings
2,alder
1,cape canaveral air force station
2,maintains
1,raoul magrin-vernerey
1,sir lankan
1,ronny vencatachellum
1,ntsc
1,rep parasol
1,beverly hills
1,brynn carman
2,veterans
2,prospect team
1,stewart copeland
1,msx basic
2,television
2,label
1,liang chow
1,mike babcock
1,minneapolis
1,mississippi
2,networks
2,team for
1,edsel
2,they
1,choctaw
2,royalities
1,jonas brothers
1,mark twain tonight
1,microsoft windows
1,south station
1,bahamas
1,entronque de herradura
2,related
1,josep maria bartomeu
1,patty lin
2,bacteria
2,headquarted
1,pope john xxiii
2,flow
1,seberang perai
2,projects
1,leallah
2,jury
1,falken tire
1,dmitri nossov
1,cristo rey jesuit high school (chicago)
1,united states house of representatives elections, 1788 and 1789
1,kang young-hoon
2,radio stations
1,oddamavadi
1,susanna clarke
1,european school, karlsruhe
1,jamiatu muslim mindanao
1,alexander magleby
1,bordesley railway station
1,sam loyd
1,rishang keishing
1,yosemite park
1,joseph dion
1,anne hidalgo
2,destination
2,us
1,union state
2,paige
1,paul weatherwax
1,massachusetts
2,served
1,denver broncos
1,ruben j. villote
2,graham
1,justine omojong
1,pink floyd
1,people's bank (sri lanka)
1,inthakin
2,rugby player
1,akan
2,first aired
1,connecticut river
2,company parent
1,bellaire, ohio
1,76
1,fritz chess
1,city council
1,lusaka
1,delta iii
1,carl stokes
1,somerset berkley regional high
1,toronto maple leafs
1,asus
1,sylvain
2,bacterias
1,essex
1,fluidinfo
1,umatilla language
2,luanda
2,airport hub
1,charles edward magoon
1,lampedusa
1,nick clegg
1,patricia amorim
1,virtual console
2,parliament member
1,anupong paochinda
2,located
1,wisconsin
1,solidus
1,udit raj
1,krzysztof wielicki
1,sissela bok
1,christian barnard
2,graduate
1,the boy is mine
1,edinburgh
1,miller henry
2,cities
1,hypnotize minds
1,mexico
1,charles ayres
1,batman: arkham city lockdown
1,danny elfman
1,the dragons of eden
2,ocean
1,virtual console
1,joseph story
2,manage club
2,where
1,ivanpah solar
2,distributor
1,rangers
1,baja california peninsula
1,waddy wachtel
1,josef johansson
1,blue lagoon island
2,cobra
1,neverwher
1,adventures of huckleberry finn
1,andrew peacock
1,eclipse
1,lennier
2,film starring
1,hiroji kiyotake
1,pahang
2,assembly
2,players
2,vocals
1,columbia
2,ministers
1,chicago blackhawks
2,marry
1,doctor of the church
2,guests
1,stayed
1,randy jackson
2,palang
1,hugh hefner
1,go
2,count
1,representatives elections house ohio 2010
1,harris county
2,comcast
2,pittsburg
2,atisa
1,jonas gahr
1,neungin high school
1,sandusky county, ohio
1,ulrich ii, count of east frisia
1,karachi
1,basketball marquette golden eagles
1,michael jackson
1,dubai world cup
1,indianapolis colts
1,holding company graham
2,nominee
2,ukrainian
1,klang valley
1,andrew economos
1,modoc plateau
1,playbow enterprises
1,camilla martin
1,claiborne pell
1,philosophy
1,bertalan szemere
2,constituencies
1,dartmouth college
1,n-tv
1,plus expressways
1,ethics
2,museum
1,cardiovascular disease
1,houston
1,galatasaray handball team
1,charles drummond ellis
1,rochers de naye
1,taiwan
1,todd huth
1,chinese poetry
2,interests main
1,laszlo bellak
1,phish
1,julian doyle
1,maldives
2,under
2,kabir
1,department
2,disease
1,french people
1,saunders county
2,band
2,recorded
2,series
1,john forbes
1,the shirelles
2,london
1,end of the rainbow
1,lyudmila buldakova
1,bodhin kjolhede
2,administrative centre
1,oscoda, michigan
1,oulu
1,m. chilcott
1,john of damasucs
1,holler if ya hear me
1,tampa, florida
2,allegiance
1,william l. dayton
1,wickramabahu central college (national school)
2,burial place
2,bafta
2,political party
1,easy street
2,death
1,us congress
1,stan kroenke
2,jursdiction
1,hearth and home
2,cars
1,soylent
1,into the dalek
2,job
1,river kafue
2,different
2,source
1,hyundai elantra
1,diana taylor
2,lead
2,sitcom
1,jay gogue
1,sixth infantry regiment
2,donald
2,chairman
1,jonas brothers
1,the producers
1,harvey rosenstock
1,buckhurst hill county high school
1,renfe
1,stanford
1,utopian and dystopian fiction
2,actor
1,boga
1,european americans
1,hang chuon naron
1,william anthony
1,gary portnoy
2,men
1,william ofori atta
1,doyle
1,aachen cathedral
1,giannis alafouzos
2,order (taxonomy)
2,headcoached
2,subjects
2,race horse
2,is founded by
2,journal
2,birton's
2,winner
1,grasim bhiwani textiles
2,military person
1,latania verschaffeltii
1,anne hidalgo
1,haile selassie gugsa
1,ganz uv
2,production
1,christchurch
1,marmara
1,raymond conner
1,ulsan
1,nguendula filipe
2,colour
2,before
1,luxuria
1,jendresen
1,moordener kill
1,mastercard
2,tenants
1,golden state warriors
1,native indonesians
1,ethiopia
1,kira plastinina
1,burro flats painted cave
2,sovereign state
2,club
2,made
1,the second coming
1,tone play
1,polytechnic philippines university bataan
1,engine block
2,career
1,wbcq-fm
1,burbank california
2,territories
1,katyayana
1,gary chang
1,elizabeth of rhuddlan
1,wikipedia zero
1,rome
1,bbc parliament
1,field ever bank
1,cascade airways
1,sony
2,person that first ascented
2,soccer
1,sevan ross
1,masahike minami
1,jens jensen
2,institutions
1,tennie laura
1,alpine brigade taurinense
2,township,
1,braunfels new
2,shareholder
1,giorgos kaminis
1,choi tu son
1,donn barber
2,leader name
1,arm architecture
1,english
2,working for
1,new orleans
1,nairobi
2,coutries
2,birthplace
2,former partner
2,american
2,productions
1,faaa
1,john fanning
1,stuart alan jones
2,group
1,panthera leo fossilis
1,grameen bank
1,start + flug
2,animator
2,protestant
2,conflicts
2,nations
1,james roberts
2,locations
2,residing
2,device
1,ludwig drums
1,lucky you
2,automobile engine
1,where everybody knows your name
2,radio station
1,vde-gallo records
1,new mexico
1,chevrolet caprice
1,broadcast syndication
1,sao paolo museum of art
1,virendra kataria
1,alana stewart
1,truckee, california
2,from
2,station sister
1,chelsea f.c.
2,region admin
1,lovelace medal
1,american college of surgeons
1,state route 470
1,chicken run
2,studied
1,bob adams (american football)
2,mountains
1,edwin of northumbria
1,armstrong
2,cartoon
2,trinity
1,middlesbrough f.c
1,falmouth university
2,place of death
1,united states dollar
2,discovered
1,basora adrian
1,jamie kellner
1,lois lane
2,river
1,lousana
1,warren magnuson
1,t-series
1,ralph flanders
2,military rank
1,jim harbaugh
1,target field
2,president
1,terminator genisys
1,camp nou
1,william w brien
1,rob pike
1,bateman
2,badminton player
1,jerry tagge
2,computation
1,david prowse
2,naratted
2,stockholder
1,american mediterranean sea
1,national footbal england under team
1,linda lee cadwell
1,tulane green wave
1,vargas
1,hayden, stone & co.
1,russian railways
2,bengalis
2,soccer club season
2,former team
1,pullaiahgaripalli
1,kaliningrad
2,champion
2,jonathan
1,the frost king
2,typically
2,appliance's
1,carl sanders
1,north sea
2,minister prime
1,andrew schally
1,reza amrollahi
1,the south end
2,governance
1,pioneer corporation
1,playstation 3 system software
1,teperberg 1870
2,currency
1,western australia
1,kaplan, inc.
1,cfrb
1,windows
2,her
1,focke-wulf fw 260
1,academy
1,lyubov dostoyevskaya
2,alumini
2,religious
2,discovered body
2,leaders
1,jeff conaway
2,topics
1,national hockey league
2,religious affiliation
2,collaborated
2,quagmire
2,countries
2,order
1,mercedes benz superdome
2,footballers
1,america
1,ottawa citizen
1,history of penny arcade expo
2,developed
1,sylvain levi
1,east norwalk historical cemetery
1,fbi
1,buddhism
1,divertis
2,carter
2,non
1,king crimson
1,even-toed ungulate
1,david isaacs
2,devices
1,baltimore ravens
1,samuel keeler
2,basketball league
1,sergey ryazansky
1,barcelona fc
1,filipinos
1,ptolemy xii auletes
2,bridge over
2,designer
1,josh groban
1,jason carter
1,cline buckens
1,open society foundations
2,adugna
2,me
1,dragimir of travunia and zachlumia
1,parliament of india
1,playtone
1,timm gunn
2,leader's
1,software as a service
1,mark stevens
2,ferrero
1,european broadcasting union
1,dick redding
2,altazor
1,suburb
1,worcester college, oxford
1,emel
1,guy
1,hardie gramatky
1,burbank, california
1,columbia university
1,shirley temple's storybook
2,democratic
1,gnu texmacs
1,american mediterranean sea
1,fox broadcasting company
1,perkins school for the blind
2,graden
2,spouse
2,directors
1,powell
1,sfor
1,matt williams
1,seewoosagur ramgoolam
1,acer nigrum
1,metro manill
1,united states house of representatives elections in ohio, 2010
1,lumia 830
1,edwin catmull
1,west tilbury
2,launched
1,greg daniels
2,famous
1,ella loves cole
1,dick lundy
1,chris-craft industries
2,magazine's
1,emma
1,gettv
1,peter
1,spain
1,scott
1,ellen lundstrom
1,michael cristofer
1,patts college of aeronautics
1,kennedy family
1,connick harry
1,philadelphia rage
1,john forbes (british army officer)
1,mazes
1,shallot
2,over
1,european route e8
2,mainter
1,eric roth
1,carolina panthers
1,karl ewald hasse
1,kevin rudd
1,wcw mayhem
2,artist
2,laid
1,voices
1,resources
1,john betts
1,dan mica
1,baker's dozen donuts
1,human rights party
1,ellei johndro
2,ice hockey league
1,fazlur rahman khan
1,baco noir
1,john trumbull
2,nittany
1,british
2,youthclub
1,uem group
2,screenplay
1,2658 gingerich
1,diprotodontia
2,childagh
1,entertainment network prime time
1,duddeston station railway
1,buddhism
2,coach
2,ceremonial county
2,route start
2,protected area
2,austen
2,virginia
2,opponents
1,amstelveen
1,open society foundation 
1,1972 oakland raiders season
1,janta dal
2,rivers
1,james
1,zuo zongtang
1,canberra
2,red
2,sino-french
1,montecito inn
2,place of death
1,julian gingell
1,ganefo
2,broad cast area
1,jimmy quillen
1,michigan wolverines
1,bahamas
1,dafydd benfras
2,run by
1,jackson jerrel
1,commodore cdtv
1,bank of thailand
1,russell davies
2,penn
1,audi india
1,music bafta film for
1,tandem computers
1,a nice pair
1,toronto
1,emperor charles roman
1,cambridge isabel
1,washington dulles international airport
1,michigan
1,arthur ross
1,northsouth transport corridor
1,robert a. taft
1,jim sasser
1,solomon
1,the buddha and his dhamma
1,tokyo broadcasting system
1,rudolf kirchschlger
2,settlement
1,wheaton college
1,kenthurst
1,buckethead
1,playstation 2
1,operation barbarossa
1,norwalk trainband
1,bryn mawr hospital
1,north caucasian emirate
1,michigan stadium
1,lucas oil stadium
1,elliot bay
2,cross
2,kazuo
1,westroads mall shooting
1,donald brooks
1,clinton foundation
2,school
1,northeast library
1,oddworld
1,veterinary physicians
1,pixar canada
2,connick
1,dave attel
2,maintain
1,santa clara university
1,den norske bank
2,found
1,neungin high school
1,william purtell
1,piotr baron
2,soccer club
2,industry
1,swedish
1,jason maas
1,mauritius bank
2,(american
1,dion beebe
1,yashpal kapur
2,former band member
1,luke scott
1,south carolina
1,c++
1,south park bridge
2,academic
1,sao paulo
1,emacs lisp
1,thailand
1,william campbell
1,american central games 2013
1,fergie sutherland
1,route
1,philippines university lytechnic
2,debut
1,ferrel harris
1,stockholm
1,the price of beauty
1,arizona state sun devils
1,terminator 2
1,i pray on christmas
2,show
1,public transport authority
1,bbc multimedia
1,private school
1,halloween
1,charles ellis
1,alain vigneault
1,luke list
1,rational analysis
2,affiliated
1,salahuddin
2,board
1,email filtering
1,box girder bridge
2,cport
1,bacillales
1,the office (u.s. tv series)
2,comic characters
1,canton of fribourg
1,switzerland at the 2004 summer olympics
1,la liga
1,mt everest
1,ctv network
1,mcdonnell douglas
1,cathedral peak
2,succeeded
1,winston churchill
1,fantasy
1,liv ullmann
1,tehran
1,phillips alfred
1,milk cow blues
1,creative commons license
1,sonny bill williams
1,john a danaher iii
1,pietermaritzburg
2,studied at
2,residence
2,created by
2,glasgow
1,wizeefa
1,julie gardner
2,season
1,panionios g.s.s.
1,district peru
1,microsoft surface
1,pulau ujong
1,kiki cutter
1,ngos
1,timothy j. roemer
1,colombo
2,first driver
2,valley
1,the shooting of dan mcgrew
2,louis
2,trained
2,key
2,list
1,toronto furies
2,citizenship
1,tonight's the night
1,clara ng
1,gregg toland
1,croton river
1,ben dreith
2,part of
2,workplace
1,penny lancaster
1,kenny dies
2,debut team
1,miguel garca granados
2,region serve
1,alex chalk
1,jared bernstein
1,grand prix 1994
1,nbc
2,dishes
1,fort heath radar station
1,viva las vegas
2,purposes
1,american classical league
1,russell t davies
1,tickle me
2,common
1,championship football league
2,facility
1,cancun
1,tony ramo
1,wealth management
2,timezone
1,catarina lindgren
1,john ewen mc
2,award won
1,kriminalpolizie
1,james hartness
2,unready
1,fremantle media
1,sage publications
1,million dollar traders
1,yellow claw
2,muse
1,drop.io
1,louis lecocq
1,saima chowdhury
1,queen latifah
2,program
1,gtk+
1,ryan powell
2,writer
1,rko pictures
2,performer
1,gnowsys
1,awash river
2,leader
1,sony bank
1,solon spencer beman
1,justin trudeau
1,mikhail voronin
1,bobby skinstad
1,josh bell
1,san antonio
1,san diego surf
1,uncle henry (oz)
1,palo alto, california
1,king's quest vi
1,naval air facility adak
1,salad
1,reading
1,british columbia
1,vangelis
1,judaism
1,the sandman (vertigo)
1,immunologi
1,ella t. grasso
1,insects vs robots
2,shareholders
1,mother mary alphonsa
1,clinton family
1,99 (2009 film)
2,outflow
1,pat vincent
1,cerebral blood flow
2,affiliation
1,aubie
1,sturm college of law
1,maniac magee
1,fordice
2,coached
1,barbara bush
1,ausean malik
2,religion
1,cardinal
2,subsidary
2,brandenton
1,charles plosser
1,jacob
1,middlesbrough fc
1,jessi colter
1,experimental computing facility
1,the avengers
2,two
1,iraq
2,reside
2,citizen of
1,harry connick, jr.
1,swedish language
1,elizabeth
1,ufc 152
2,incredibles
1,joseph stiglitz
1,tennie and laura
1,wrvu
2,highscool
1,karl marx
2,neighbouring
2,baseball player
1,north america
1,murray gold
1,ne daj se, nina
1,joel quenneville
2,miller
1,mecklenburg-vorpommern
1,ncaa
1,tamon ohta
1,ingmar bergman
2,serving railway
1,sherlock holmes
1,the comedy channel
1,pandikar amin mulia
1,shelon harnick
1,gold medal of the royal astronomical society
1,the elders
1,mike shinoda
1,colorado avalanche
1,olympics downhill women's winter skiing
1,summer slam 2004
2,it
1,abc records
1,rajya sabha
2,stadium
1,edith vonnegut
2,presentator
1,tony n' tina's wedding
2,corringham
2,former broadcast network
2,letita
2,royalty
1,lumbini bauddha university
1,jeffrey werleman
1,presbyterian theological seminar
2,licence
1,roger federer
1,abiye abebe
1,monty python
2,sapphire
1,cologny
2,route end
1,discovery communications
1,thorington station
2,builder
1,shrine of st. elizabeth ann bayley seton
2,succeed
1,c programming language
1,dart (programming language)
1,auto shankar
1,levi lincoln, jr.
1,vmf-155
1,asus
1,john boehner
2,chaired
1,facebook
1,edward j. perkins
1,xocolatlite
1,ernest de saisset
1,rostov-glavny
1,engine design front
1,vanderbilt university medical center
2,first team
1,rita wilson
1,kelsey creek
2,place mouth
2,influenced by
1,svetlana gounkina
1,languages of ethiopia
2,race
2,foley
2,starring
1,george beauchamp
1,wielicki
1,samuel hayes
1,zune
1,norwegian language
1,carmichael
2,graduated
1,the united states steel hour
2,seacrest
2,influencer
2,reverred
1,racism
2,daughter
2,congressman
1,niederkirchnerstrae
2,head quarters
1,national archaeological museum (florence)
1,sean parker
1,paris sisters
1,indira gandhi
1,oscar and lucinda
2,attend
1,gerald reaven
2,musee
2,county,
1,sodagreen
2,singles
1,chung won shik
1,ingmar bergman
1,richmond park
2,priest
1,detroit
1,james k. kelly
1,lagnacha dhumdhadaka
1,united world college of costa rica
1,jon speelman
1,microprocessor
1,samuek moreno rojas
1,louisa hill
1,south shore plaza
2,rented
1,colemanville covered bridge
2,speaker
1,sanskrit
2,clippers
1,wild risk
1,ivan fomin
1,united states department of defense
2,handball team
1,wmdn
1,long rifle
2,os
1,one israel
2,olivero
2,sculptor
1,trevor peacock
1,quezon city
1,alton ochsner
1,let me be your star
2,fictional
1,gustavo rojas pinilla
2,gemini
1,ford kansas city assembly plant
1,winston bryant
1,american pekin duck
1,south side elevated railroad
2,given
1,marc-antoine charpentier
1,cell (microprocessor)
1,sanath weerakoon
1,berlin don
1,basketball marquette golden eagles men's
2,musical work
2,crustacean
1,pixar image computer
1,mark twain tonight
1,ali habib mahmud
1,gatwick airport
1,coffee
1,channel 3
1,lodaiska
2,town home
2,venerated in
1,oldsmobile 88
1,surface
1,inland empire
1,bjelasnica
1,south asia subregional economic cooperation
1,valentina matviyenko
2,canada
2,non-fiction
2,weapon
1,april stewart
1,cam plante
2,stylistic origin
2,organization
1,plymouth savoy
1,atlantic seaboard fall line
1,john tory
1,sextus barbour
2,parliament
1,the times they are a-changin' (musical)
2,deputy
1,macintosh quadra 660av
1,newman haynes clanton
1,gemini 8
1,detroit pistons
1,manhattan project
1,republican river
1,superior general
1,bombshell
1,chip hale
1,multipurpose school
1,big top ballet
2,phd advisor
1,world war ii
1,uk
1,fairmount, indiana
2,regions served
2,style of architecture
2,directed by
1,1994 spanish grand prix
1,federal reserve bank building
1,egypt nanotechnology center
1,9800
1,sukhumbhand paribatra
1,auckland rugby union team
1,pointe d'aveneyre
1,north fort myers high school
2,american football player
1,ramiro
1,anne spielberg
2,park
1,twenty one
2,publisher
1,one drive
2,tenats
1,modern architectura
2,alpine
1,san diego comic-con international
1,ralf schumacher
2,tenant
1,regiment of mounted grenadiers
1,malatraix
1,croatia
2,associated act
1,sierra del merendin
1,khmer issarak
1,basketball marquette golden
1,trump productions
1,triplicate
2,working
1,vishwajyot high school
1,hunter edwin
1,greek revival
1,bmw m40
1,kelly osbourne
1,bernardo escobar
1,douglass north
1,shimsa plateau
1,picasso
1,la kings
1,phillippe cabot
1,new sanno hotel
1,dan shamash
1,mackenzie miller
1,justina machado
1,switzerland olympics summer 2004
2,penned
2,border
1,engine sho v8
1,morrissey
2,boston
1,sea gayle music
1,c
1,oj, svijetla majska zoro
1,celluloid records
1,girls (the prodigy song)
1,geography club (play)
1,united world college 
1,lightning mcqueen
2,gps
1,pattie mallette
1,pittsburgh
2,political part
1,cbbc
2,militaries
2,institute
1,the mating habits of earthbound humans
1,umkhonto we sizwe
2,cofounder
1,the spirit of christmas (short film)
2,continents
2,haired
1,chicago
2,counties
1,polytechnic university of the philippines taguig
1,emerald air
1,beauchemin
1,stanley cavell
2,lion
2,polet
1,john roeslein
2,shows
1,johnny depp
1,robert wise
1,noe valley, san francisco
1,krapanski potok
2,start
2,relative
2,school
1,another just day
1,steve sampson
1,willis sharpe kilmer
1,ape
2,tv show
1,heinz field
1,the rolling stone album guide
1,glover
2,judged
1,tower of london
2,mtr
1,franz brentano
1,saima chowdhury
1,saleen
2,how
1,richard gant
1,thomas bee
1,bannock
1,daniel o'regan
1,moondog matinee
2,death location
1,general command college staff
1,boeing vertol ch-46 sea knight
1,stanislav morozov
1,warner bros. television
2,parliamentary
2,region served
1,united first parish church
1,norfolk southern railway
1,radio philippines network
1,ethiopian parliament building
1,club one air
2,shrine
1,the colonel (the americans)
1,radhabinod koijam
1,visions
1,somerset berkeley regional high school
1,lewis hamilton
1,crombeen
1,chinga chang records
1,apple productivity experience group
1,ford motor company
1,dream dancing
1,runes of magic
1,alvin bell
2,appointed
1,martino martini
2,composed by
2,foundation
1,gold coast football club
1,merritt cabal
1,kimihiro watanuki
2,golf player
2,base currency
1,bantam spectra
2,governing body
1,harry nilsson
1,mediterranean basketball association
2,team past
1,charles gordon (artist)
2,canonized by
1,levant
1,queen noor of jordan
1,ontario
1,birmingham
2,main ingredient
1,padme amidala
1,saumarez
2,highschool
2,ontario
1,reading, berkshire
1,1999 san marino grand prix
1,jurgens site
1,la world airports
1,benjamin franklin terry
1,mauritius broadcasting corporation
1,willard fiske
2,nations'
1,national and kapodistrian university of athens
1,outlook
1,edward wolcott
1,the sarah jane adventures
1,noe valley
1,auckland
1,daniel bergman
1,amiga
2,languages.
2,publishes
1,mangalore
1,steve ontiveros
1,manchester
1,new sanno hotel
1,james langer
1,president of france
1,willing charles
2,things
1,filbert's old time root beer
2,pole
1,ekstraliga
1,brower's spring
2,constituency
1,waxiang people
1,allen boyd
1,franz von papen
1,kazan
1,akinoumi setsuo
1,katima mulilo bridge
1,nikos pateras
1,stadium smyrni
1,finding nemo
1,prime time entertainment network
1,david gilmour
1,derg
1,little easton
2,goverener
2,languages
1,us senate
1,emanuel de guzman
1,cheers beacon hill
2,later
1,jason carter (actor)
2,home stadium
2,headquarter
2,composer
2,conger
1,jim dooley
1,westlake harvard school
1,the haunted house
1,brian horwitz
2,created
1,the skeleton dance
2,director
1,podgorica
1,xynisteri
2,academic area
2,cascade
1,tigran petrosian
1,playboy mansion
1,5.1
1,junction railway daund
1,wayne allard
2,food
2,origin nation
2,runs
1,zachary taylor
1,us navy
2,minister
1,campeonato brasileiro
2,bearer flag
1,pixar
1,congo river
2,sister stations
2,host
1,argentini
1,church of england
1,jean - franÃ§ois cotÃ©
1,baraily
1,everest
1,lanao del sur
2,boarder
1,amaravila
1,cahora bassa
1,continental army
1,colpix records
1,henry hyde
1,tirana
1,krusty
1,colin powell
1,mediterranean sea
2,parterned
2,many
2,die
1,elizabeth rhuddlan
1,anglican communion
2,christians
1,new york
1,bounce tv
1,newell's old boys
2,develops
1,aishath saffa
1,gaza strip
1,abdelhameed amarri
1,assyrian neo-aramaic
1,fr almeida
1,renderman
1,cam plante
1,john tyler, sr.
1,nandurbar
1,mother teresa
1,frank steunenberg
1,interplay entertainment
1,legislative election
1,jazz
1,united kingdom
1,f. a. little, jr.
2,brien
2,administrative region
1,sheldon harnick
1,qdt
2,subject
1,mind blowin'
1,stephen law
1,curt coleman
1,provinces of zambia
1,westwood, los angeles
1,pavel moroz
1,mona marshall
1,comcast
1,stephanie rice
1,super mario adventures
1,peter blay
1,saudi arabian
1,nicholas s. zeppos
2,mmebers
2,garrisoned
2,owning company
1,dreamworks television
1,the temptress
1,me and my arrow
1,vijay chavan
1,muslim brotherhood
1,louvre
2,film genre
2,martial artist
1,matthew kane
1,sea gayle music
1,doctor who: evacuation earth
1,granger daniel
2,briere
2,official language
1,hunter pence
1,siggraph
1,jos rivera
1,best mate
1,james hetfield
1,semnani
2,televesion
2,some
2,surgeons
1,credit
1,dallas cowboys
1,bob suci
1,mediterranean sea
2,associate
2,artists
2,softwares
1,comedy central
1,riley tedd
2,states
2,fashion
2,death cause
2,seasons
1,monticello
1,fort gadsden
2,assembled
1,uss kittiwake
1,tea
1,wichita recordings
2,netball player
2,non-fiction subject
2,new
1,hudson river
2,abbey
1,ganz uv
1,sierra nevada
1,chandra shekhar
1,university of queensland
1,bukovica
1,william henry harrison tomb state memorial
1,environmentalism
1,mediolanum
1,connecticut colony
1,rock art
1,brandon lee
1,maharashtra
2,route junction
1,adrian a. basora
1,jaber al-ahmad al-sabah
2,politician
1,willem cornelis janse van rensburg
1,fikret orman
1,grand forks air force base
1,paul morphy
2,house
1,kevin jonas
1,bryan mantia
1,pizza-ghetti
1,i pray on christmas
1,khok kwang
1,les claypool
2,through
1,nehru
1,mac os
2,belongs to
1,muslim brotherhood
1,paris
1,georgia
2,headed
1,badminton olympics women's doubles
1,the runaway bride
2,fuller
2,territory
2,basketball team
1,egyptian arabic
1,anglo-frisian language 
1,linn ullmann
1,jay lane
2,town
1,ethiopian people's revolutionary democratic front
1,joe hahn
1,ford
1,olympics singles tennis summer
1,paud
1,malaysian highway authority
1,the orator
2,inflows
1,schutzstaffel
2,past members
1,ann monroe gilchrist strong
2,flowering
2,physicist
1,orson welles
2,prize received
2,commanded
1,hughes
1,arlington national
2,skate
1,catwoman
1,julian leow beng kim
1,te deum
1,gestapo
2,source region
1,utopian
1,john bowlby
1,bison
1,immerman richard
2,develop
1,chestnut bellied white rat
1,metabolism cerebral journal blood
1,individual swimming olympics summer medley
1,antipope
1,korean fox
1,thongsuk samdaengpan
1,ajith perera
1,buckens
1,video games
1,ryan seacrest
1,mount hoffmann
2,wrestler
2,nyc
1,swedish
2,is owned by
1,stephen e. ambros 
1,copley medal
1,actinopterygii
1,marv mcfadden
1,jose cha cha jimenez
2,casting
1,language integrated query
1,puss in boots
1,tony bennett
2,american football players
1,defenceman
2,superintendent
1,steven peterman
1,eric roth
1,faisal aman khan
1,the fugitive kind
2,served city
1,st. viator high school
2,by
2,ideologies
2,someone
2,toronto
1,gareth southgate
2,children
1,gangan comics
1,dannielynn
2,breeded
1,jean-marc germain
1,mazabuka
1,korean
1,theme time radio hour
2,enterprises
2,vermont
1,gwo ka
1,dad's root beer
1,somerville college, oxford
2,museum
1,jimmy wales
2,musical artist
1,neptune
2,character
1,tim burton
2,solon
2,computing platform
1,gelnhausen
1,cleopatra v of egypt
1,gary holder-winfield
1,brian moriarty
1,erich bagge
1,joan laporta
2,deathplace
1,troy, new york
2,manufacturers
1,george karrys
1,rosie huntington
2,appliance
1,lake mead
2,economist
1,kariba dam
1,presidio santa cruz de terrenate
2,society
1,isa
2,create
1,jennifer lopez
1,ethopia
1,qaqun
2,educational institution
1,class (2016 tv series)
2,track
2,significant building
1,anionios season g.s.s.
1,stoke city f.c.
2,associated
1,wilton, connecticut
1,mahoney eugene state
2,places
1,2016 fort lauderdale strikers season
2,weber
1,madison, wisconsin
1,mona lisa
1,mauritius bank
1,brunei
1,john steed
1,herbert pell
1,de la rose
2,sitcoms
2,azam
1,pontiac g8
1,eutheria
2,international
1,houston fort bend airport
1,latv
1,carmela soprano
2,associated band
1,society islands
1,live in detroit, mi
1,shahid khan
1,geneva
1,russel davies
1,tim mathieson
1,band of brothers
1,david charles
2,airplanes
1,the producers
1,v8
2,about
1,nevado de toluca
1,bill clements
2,academically
1,besiktas jk
2,jerusalem
1,ikaros smederna
2,producer
1,spanish language
2,wine
2,who
2,have
2,nationality
2,denomination
1,jerry tagge
1,lodaiska site
1,uni toronto
2,manufacturing
1,neil gaiman
1,isabelle caro
1,bnsf railway
1,national basketball association
2,musicians
2,appinter
2,carlene
2,military
1,goose
1,fergus mcmaster
1,christopher figuero
1,short story
1,hornito
2,magazine
2,work institutions
2,sharon
1,election commission of thailand
2,mactavish
1,everything will be ok
2,hockey team
1,changin times they are
1,south side elevated railroad
2,appointer
1,william french smith
2,religions
2,government
1,lee robinson
1,montauk state park
1,compaq
1,jon and vangelis
1,channel comedy
1,toronto marlies
1,marquette golden eagles team
1,1997 canadian grand prix
1,ridgewood, new jersey
1,laureano ibarra
1,elie wiesel
1,european border and coast guard
1,chris marve
1,o.co coliseum
1,adrian a. basora
2,arena
1,thud!
2,associated musical
1,skull gang
1,gimp
1,edward joseph schwartz
2,school high
1,ian thorpe
2,plays for
1,graham richardson
2,homestadiums
2,cementery
1,if we were a movie
2,belong
1,tendaho dam
1,cahora bassa
1,the god who wasn't there
1,edsel villager
1,gustavo rojas pinilla
1,gamini seneviratne
1,barony of caux
1,jazz fusion
1,1954
2,general
1,central washington
1,james h. fields
1,judson huss
1,victor gunasekara
1,kerguelen islands
2,developed by
1,marlboro township, new jersey
1,bbc one
1,marshall arisman
2,died of
2,manger
2,game platform
1,emmett hughes
2,with
1,elasticsearch
1,1998 baltimore ravens season
1,saddam hussein
1,goran cengic
1,brockport golden eagles
1,bodhi elfman
2,originating
1,fr. agnel stadium
2,hockey
1,mtr
1,doodle rock
1,don ashby
1,the weathered underground
1,guru purnima
1,harriet andersson
1,greater london
1,warner bros?
1,2001 speedway ekstraliga
1,kunsten museum of moder art aalborg
1,boeing field
1,bill finger
1,philip webb
1,philippine ports authority
1,the ultimate merger
1,duwamish river
1,joe namath
1,wbig fm
1,charat district
2,authority local
2,fought
1,columbia lake
2,resting
1,louis chevrolet
1,kampuchean union of salvation
1,trinitarians barefoot convent
2,photography
1,menora tunnel
1,geoffrey burgon
2,nation team
1,story
1,jerome b. chaffee
2,genre
2,sportage
1,languages italic
2,similar
1,standby records
2,train
2,river,
1,argentine primera
1,jordan river
2,station radio
1,chris myers (new jersey)
1,9tv
1,mazhar ul haq high school, beerwah
1,a literary nightmare
2,food
2,buried
1,guerre croix
2,branch
1,simon ferro
2,theme music
1,caspian
1,ed podolak
2,their
2,ingredient
2,ideology
1,bogdanua
1,classic rock
1,muhammad yunus
1,atisa
2,county seat
1,jo garcia
2,manu
1,itv
2,institue
1,australia at the 2008 summer olympics
2,left tributary
1,ridley scott
1,san diego convention
1,harold
2,design
1,anatoly kharlampiyev
1,warner bros 
1,unready thelred
1,george washington
1,audie murphy
1,american hockey league
1,to know him is to love him
1,hiroyuki takei
2,network
2,married
1,rodrigues
2,alexander
1,the farmer wants a wife
1,broadcast syndication
1,another lonely night in new york
1,scuderia ferrari
1,amanda reddin
1,double diamond (album)
1,quack
1,lighthouse club
1,akiva goldsman
1,golden globe
2,darren
2,janta
1,willem alexander
1,new way
1,pablo records
1,frederick frelinghuysen (general)
1,men will be men
1,labor relations
2,composer's
1,companion (doctor who)
1,ae fond kiss
1,william smith
1,suspense
1,catalin maruta
2,mouth place
1,huey, dewey, and louie
1,international airport fa'a'
2,idelogy
2,sheldon
2,pole position
2,country's
2,naples
1,clearwater county
2,notableworks
1,joe schilling
1,akira ifukube
1,bacilli
1,lance adams-schneider
1,quartermaster corps
1,samsu-iluna
1,commodore 64
1,newark station
2,areas
2,colored
1,lava river cave
1,monroe station
1,edmund john
1,tip
2,are
1,arabic
1,democratic party
1,operation barbarossa
1,ctenochaetus binotatus
1,freescale semiconductor
2,start+flug
1,united states congress
2,pekin
1,bill peters
2,location
1,burro flats painted cave
1,the adventures of mimi
2,edouard
1,bruce timm
1,metro transit
1,12th field artillery regiment
2,football player
2,manager
1,jack your body
1,concrete
2,ayton
1,1502nd infantry brigade (ready reserve)
2,maintainer
2,arcade
2,art
1,basilica peter's
1,viveka babajee
2,previously
2,broadcast
1,1989 portuguese grand prix
1,colombia
1,sherlock
1,the mudbloods
1,ashot grashi
1,chester bennington
2,ceremonial county
1,harvard-westlake
2,salavat
1,lyndon bridge
2,electronical
1,ford falcon cobra
1,1951 asian games
1,gary kubaik
1,letitia mactavish hargrave
1,the motorcycle diaries
1,west africa
1,leroy collins
1,suicide
1,weber thompson
1,riddim ribbon
1,jowai
2,speedway league
1,rising star
1,cricket
1,volleyball
1,menocal mario
2,driver first
1,midhurst
1,amsale
1,gibson sg
1,feras saied
1,panionios season g.s.s.
2,governer
1,viacom productions
1,atkinson richard
1,ernest rutherford
1,liga
1,thomas bryan martin
2,music
2,arch.
1,dowra
1,manurewa high school
1,caribbean
2,license
1,montpelier
1,jimmie heuga
1,bill clinton
1,representatives elections
1,callisto
1,united states coast guard
1,michael m. sears
1,nintendo entertainment planning & development
1,nader guirat
1,bangalore
2,narrate
1,radio time hour the
1,ministry of information and communication technology (thailand)
1,peter crouch
2,member former
1,thames estuary
2,medalist silver
1,google web toolkit
2,colonel
1,victor hope, 2nd marquess of linlithgow
1,tonkin campaign
1,philip novak
1,taylor swift
1,novair international airways
2,pupils
1,polytech taguig
2,relative
1,tennessee shelby county
2,near city
1,pepperdine university
1,tennessee state museum
2,last
1,carl mccall
2,works
1,acomb
2,national team
1,enrique jos varona
1,roshan ranasinghe
2,state of origin
2,mark
1,mota engil
1,country music
1,coconut
2,development
1,laozi
1,burr truss
1,pavel moroz
2,past
1,pierre r. graham
1,menlo park, california
1,mike salmon
1,liverpool playhouse